album_id,Album Title,Album Art,Release Date,Theme,music_page_section,Artists,Vocalists,Mixing,Mastering,Instrumentals,Listen Text,Listen Links
aa,Anew Again,aa.png,6/16/2016,aa,Jamie Paige Albums,Jamie Paige,Jamie Paige | GUMI VOCALOID3 English,Jamie Paige,Jamie Paige,Jamie Paige,,
aed,Autumn Every Day,aed.png,9/22/2017,aed,Jamie Paige Albums,Jamie Paige,,,,,,
bs,Bittersweet,bs.png,11/12/2021,bs,Jamie Paige Albums,Jamie Paige,,,,,,
cc,Constant Companions,cc.png,10/25/2024,cc,Jamie Paige Albums,Jamie Paige,,,,,,
ccde,Constant Companions (Deluxe Edition),ccde.png,7/11/2025,default-dark,Jamie Paige Albums,Jamie Paige,,,,,,
cs,c-sides,cs.png,2/06/2026,cs,Jamie Paige Albums,Jamie Paige,,,,,,
contentcompanion,The Jamie Paige Content Companion's Official Companion Content,contentcompanion.jpg,7/27/2026,contentcompanion,Jamie Paige Albums,Jamie Paige x D-CELL SOUND TEAM,,,,,,
video-hunting-specimen,Video Hunting Specimen,vhs.png,4/29/2025,default,Features and Collaborations,Jamie Paige,,,,,,
aod,Autumn's Other Days,aod.png,3/22/2018,default,Bandcamp Subscriber Exclusive Albums,Jamie Paige,,,,,,
bc,Buttercream,bc.jpg,7/08/2022,default,Bandcamp Subscriber Exclusive Albums,Jamie Paige,,,,,,
jpjp3,Jamie P Jam Pack - March 2024,jpjp3.png,3/16/2024,default,Bandcamp Subscriber Exclusive Albums,Jamie Paige,,,,,,
jpjp4,Jamie P Jam Pack - April 2024,jpjp4.png,4/21/2024,default,Bandcamp Subscriber Exclusive Albums,Jamie Paige,,,,,,
jpjp5,Jamie P Jam Pack - May 2024,jpjp5.jpg,5/15/2024,default,Bandcamp Subscriber Exclusive Albums,Jamie Paige,,,,,,
jpjp6,Jamie P Jam Pack - June 2024,jpjp6.png,6/17/2024,default,Bandcamp Subscriber Exclusive Albums,Jamie Paige,,,,,,
ccii,Jamie P Jam Pack - Constant Companions (Initial Ideas),ccii.png,10/05/2024,grayscale,Bandcamp Subscriber Exclusive Albums,Jamie Paige,,,,,,
cardiaccontrepoint,CARDIAC CONTREPOINT,cardiaccontrepoint.png,2/23/2025,default,FLAVOR FOLEY,FLAVOR FOLEY,,,,,,
mm,MIRROR MODULATION,mirrormodulation.png,10//11/2026,default,FLAVOR FOLEY,FLAVOR FOLEY,,,,,Bandcamp,https://flavorfoley.bandcamp.com/album/mirror-modulation
ds2021,Jamie Paige Live at Digital Stars feat. MIKU & GUMI 2021,ds2021.png,11/20/2021,default,Live Shows,Jamie Paige,,,,,,
ds2024,ODDEEO & Jamie Paige Set | MikuExpo 2024 Digital Stars,ds2024.png,4/11/2024,default,Live Shows,Jamie Paige,,,,,,
vvff,VOCAVERSE x FLAVOR FOLEY,vvff.png,10/04/2024,default,Live Shows,FLAVOR FOELY,,,,,,
vvjp,Jamie Paige VOCAVERSE Interview,vvjp.png,9/26/2025,default,Live Shows,Jamie Paige,,,,,,
teto-sonic,Jamie Paige @ TETO SONIC 2026,ts26.jpg,2/15/2026,default,Live Shows,Jamie Paige,,,,,,
ffds26,FLAVOR FOLEY @ Digital Stars @ MIKU EXPO 2026,ds2026.jpg,,default,Live Shows,FLAVOR FOLEY,,,,,,
sound,SoundCloud,bluesky.jpg,,default,Miscellaneous,Jamie Paige,,,,,,
pamiejaige,pamiejaige on SoundCloud,pjscpfp.jpg,,default,Miscellaneous,Jamie Paige,,,,,,
social,"Twitter, Tumblr, Bluesky",twitter.jpg,,default,Miscellaneous,Jamie Paige,,,,,,
ds2021-compilation,Digital Stars feat. MIKU & GUMI Compilation,dsc2021.jpg,10/27/2021,default,Compilation,Jamie Paige,,,,,,
ds2025-compilation,HATSUNE MIKU Digital Stars 2025 Compilation,dsc2025.jpg,9/05/2025,default,Compilation,Jamie Paige,,,,,,
harmonie,HARMONIE,harmonie.jpg,4/25/2026,default,Compilation,bal,,,,,,
uso-no-kanaekata,ウソのかなえかた {Uso no Kanaekata},usonoanaekata.jpg,4/01/2026,default,Compilation,KARENT,,,,,,
bdkt26,0401 - The Best Days of 重音テト 2026,bdkt26.png,4/01/2026,default,Compilation,Twindrill,,,,,,
critical-damage,Critical Damage,criticaldamage.jpg,5/30/2026,default,Compilation,32ki,,,,,,
finale-forever,FINALE∞FOREVER,finaleforever.jpg,5/09/2026,default,Compilation,retrotenn,,,,,,