album_id,path id,song id,Page Title,Embed Link,Song Color,music_page_section,Song Length,Alt Tab Status?,Alt Tab Name,Theme,Album Art,Cover Art Labels,track number,Release Date,Artists,Vocalists,Mixing,Mastering,Instrumentals,Listen Text,Listen Links,Close Up
aa,decree,DECREE,Decree,HDZ6osLVxZE,FEE0F8,,,,,aa,aa.png,Anew Again,1,04/16/2016,Jamie Paige,,Jamie Paige,Marcy Nabors,Jamie Paige,Bandcamp | SoundCloud | YouTube - Topic | Spotify | Apple Music,https://jamiepaige.bandcamp.com/track/decree | https://on.soundcloud.com/dssFkRfKyghceVfCgF | https://youtu.be/HDZ6osLVxZE | https://open.spotify.com/track/1VnwGXfk8QTetKpRT4Bq08 | https://music.apple.com/us/song/decree/1119933460,
aa,space-center,SPACE_CENTER,Space Center,3QtK39spo7A,9EC7CD,,,,,aa,aa.png,Anew Again,2,04/16/2016,Jamie Paige,,,,,Bandcamp | YouTube - Topic | Spotify | Apple Music,https://jamiepaige.bandcamp.com/track/space-center | https://youtu.be/3QtK39spo7A | https://open.spotify.com/track/7MH1r1RRDolShe1QqCZDeL | https://music.apple.com/us/song/space-center/1119933461,
aa,skygirl,SKYGIRL,Skygirl,QFvhifQKKy8,F2CBC6,,,,,aa,aa.png,Anew Again,3,04/16/2016,Jamie Paige,,,,,Bandcamp | YouTube - Topic | Spotify | Apple Music,https://jamiepaige.bandcamp.com/track/skygirl | https://youtu.be/QFvhifQKKy8 | https://open.spotify.com/track/59nXgVCJRDNZwY1WfOL4vS | https://music.apple.com/us/song/skygirl/1119933462,
aa,imaginary-effervescent,IMAGINARY_EFFERVESCENT,"Imaginary, Effervescent",Pa37clNloS8,E9FCE8,,,,,aa,aa.png,Anew Again,4,04/16/2016,Jamie Paige,,,,,Bandcamp | SoundCloud | YouTube - Topic | Spotify | Apple Music,https://jamiepaige.bandcamp.com/track/imaginary-effervescent | https://soundcloud.com/jamieirl/imaginary-effervescent-anew-again-acapellas-and-instrumentals-in-description | https://youtu.be/Pa37clNloS8 | https://open.spotify.com/track/4014HgCJhx0k9GAGVzc7f0 | https://music.apple.com/us/song/imaginary-effervescent/1119933463,
aa,adelaide-delays,ADELAIDE_DELAYS,Adelaide Delays (feat. Natbird & Marcy Nabors),Wmlp3hiD6QA,8A1E01,,,,,aa,aa.png,Anew Again,5,04/16/2016,Jamie Paige,,,,,Bandcamp | YouTube - Topic | Spotify | Apple Music,https://jamiepaige.bandcamp.com/track/adelaide-delays-feat-natbird-marcy-nabors | https://youtu.be/Wmlp3hiD6QA | https://open.spotify.com/track/1BPK3ky2B4ltRbxLPciVfB | https://music.apple.com/us/song/adelaide-delays-feat-natbird-marcy-nabors/1119933464,
aa,song-for-jijo,SONG_FOR_JIJO,Song for Jijo,msyAeMUtmFc,A7E6D1,,,Main Tab,Original,aa,aa.png,Anew Again,6,04/16/2016,Jamie Paige,,,,,Bandcamp | YouTube - Topic | Spotify | Apple Music,https://jamiepaige.bandcamp.com/track/song-for-jijo | https://youtu.be/msyAeMUtmFc | https://open.spotify.com/track/35zZ9DSTwD9zpEUGqc2tNk | https://music.apple.com/us/song/song-for-jijo/1119933468,
aa,grand-restore,GRAND_RESTORE,Grand Restore (feat. Marcy Nabors & GUMI English),-yH6wwLtxnY,8FEA8A,Singles,,Main Tab,Original,gr,gr.jpg | aa.png,Single | Anew Again,7,04/16/2016,Jamie Paige,,,,,Bandcamp | SoundCloud | YouTube - Topic | Spotify | Apple Music,https://jamiepaige.bandcamp.com/track/grand-restore-feat-marcy-nabors-gumi-english | https://soundcloud.com/jamieirl/grand-restore-feat-marcy-nabors-gumi-english | https://youtu.be/-yH6wwLtxnY | https://open.spotify.com/track/4pKUs7uyRRgtj11JvbFK98 | https://music.apple.com/us/song/grand-restore-feat-marcy-nabors/1119933469,
aa,space-center-pt-2,SPACE_CENTER_PT2,Space Center [pt. 2],cw41RXs2vJ4,A2E9CF,,,,,aa,aa.png,Anew Again,8,04/16/2016,Jamie Paige,,,,,Bandcamp | YouTube - Topic | Spotify | Apple Music,https://jamiepaige.bandcamp.com/track/space-center-pt-2 | https://youtu.be/ql4DEQMondE | https://open.spotify.com/track/62wLbTkq5OFBgkDMKNdcsX | https://music.apple.com/us/song/space-center-pt-2/1119933470,
aa,good-time-lead-line,GOOD_TIME,"Good Time, Lead Line",ql4DEQMondE,DAF9FE,,,,,aa,aa.png,Anew Again,9,04/16/2016,Jamie Paige,,,,,Bandcamp | YouTube - Topic | Spotify | Apple Music,https://jamiepaige.bandcamp.com/track/good-time-lead-line | https://youtu.be/ql4DEQMondE | https://open.spotify.com/track/6n2sC44NyeL8MAFjJdeQUR | https://music.apple.com/us/song/good-time-lead-line/1119933471,
aed,automated-answering-service,AUTOMATED_ANSWERING_SERVICE,Automated Answering Service,S3T9IMfoTdE,DDDED9,,,Main Tab,Original,aed,aed.png,Autumn Every Day,1,09/22/2017,Jamie Paige,Honor DeVabb,,Marcy Nabors,,Bandcamp | YouTube - Topic | Spotify | Apple Music,https://jamiepaige.bandcamp.com/track/automated-answering-service | https://youtu.be/S3T9IMfoTdE | https://open.spotify.com/track/1nE0gPt5GpmJroQxqm6bVH | https://music.apple.com/us/song/automated-answering-machine/1362736289,
aed,a-repetition,A_REPETITION,A Repetition,lu6ERpeHU9c,444160,,,,,aed,aed.png,Autumn Every Day,2,09/22/2017,Jamie Paige,Jamie Paige | GUMI VOCALOID3 English,,Marcy Nabors,,Bandcamp | SoundCloud | YouTube - Topic | Spotify | Apple Music,https://jamiepaige.bandcamp.com/track/a-repetition | https://soundcloud.com/jamieirl/a-repetition | https://youtu.be/lu6ERpeHU9c | https://open.spotify.com/track/1uZr58N7ZjWq39ZlLdVVuS | https://music.apple.com/us/song/a-repetition/1362736290,
aed,to-atlantis,TO_ATLANTIS,To Atlantis,lu6ERpeHU9c,92E3D3,,,Main Tab,Original,aed,aed.png,Autumn Every Day,3,09/22/2017,Jamie Paige,Jamie Paige | GUMI VOCALOID3 English,,Marcy Nabors,,Bandcamp | SoundCloud | YouTube - Topic | Spotify | Apple Music,https://jamiepaige.bandcamp.com/track/to-atlantis-2 | https://soundcloud.com/jamieirl/to-atlantis | https://youtu.be/kDHWcv0whNY | https://open.spotify.com/track/6Bcmy7JYOpCjWkB9aqLbOU | https://music.apple.com/us/song/to-atlantis/1362736291,View Close-up
aed,its-2013-again,ITS_2013_AGAIN,It's 2013 Again,IIM_-lvemOI,91DB69,,,Main Tab,Original,aed,aed.png,Autumn Every Day,4,09/22/2017,Jamie Paige,GUMI VOCALOID3 English | Jamie Paige (backing),,Marcy Nabors,,Bandcamp | SoundCloud | YouTube - Topic | Spotify | Apple Music,https://jamiepaige.bandcamp.com/track/its-2013-again-feat-oddeeo | https://soundcloud.com/jamieirl/its-2013-again-feat-oddeeo | https://youtu.be/IIM_-lvemOI | https://open.spotify.com/track/560i70Fv3AJa2FmrwmR2r7 | https://music.apple.com/us/song/its-2013-again-feat-oddeeo/1362736292,
aed,too-much-autotune,TOO_MUCH_AUTOTUNE,Too Much Autotune,c31Q6JVun_c,6E2CA6,,,Main Tab,Original,aed,aed.png,Autumn Every Day,5,09/22/2017,Jamie Paige,Jamie Paige,,Marcy Nabors,,Bandcamp | SoundCloud | YouTube - Topic | Spotify | Apple Music,https://jamiepaige.bandcamp.com/track/too-much-autotune | https://soundcloud.com/jamieirl/too-much-autotune-1 | https://youtu.be/c31Q6JVun_c | https://open.spotify.com/track/0LmWtinCvCmo6P310RM5mC | https://music.apple.com/us/song/too-much-autotune/1362736293,
aed,special-days,SPECIAL_DAYS,Special Days,e3bMsygBZP4,FCEA98,Singles,,,,sd,sd.png | aed.png,Single | Autumn Every Day,6,02/19/2017,Jamie Paige,Jamie Paige,,Marcy Nabors,,Bandcamp | SoundCloud | YouTube - Topic | Spotify | Apple Music,https://jamiepaige.bandcamp.com/track/special-days | https://soundcloud.com/jamieirl/special-days | https://youtu.be/e3bMsygBZP4 | https://open.spotify.com/track/6ajEggtON5g3OVUqzNeI2P | https://music.apple.com/us/song/special-days/1362736294,
aed,amelie,AMELIE,Amélie,-938cNPfNcA,F9C22B,,,,,aed,aed.png,Autumn Every Day,7,09/22/2017,Jamie Paige,Jamie Paige,,Marcy Nabors,,Bandcamp | SoundCloud | Spotify | Apple Music,https://jamiepaige.bandcamp.com/track/am-lie | https://youtu.be/-938cNPfNcA | https://open.spotify.com/track/3kxGOjG0CVtQRVQvl1dT9d | https://music.apple.com/us/song/am%C3%A9lie/1362736295,
aed,secret-girlfriend,SECRET_GIRLFRIEND,Secret Girlfriend,EPgULFRc9pA,DEE0FD,,,Main Tab,Original,aed,aed.png,Autumn Every Day,8,09/22/2017,Jamie Paige,Jamie Paige,,Marcy Nabors,,Bandcamp | SoundCloud,https://jamiepaige.bandcamp.com/track/secret-girlfriend | https://soundcloud.com/jamieirl/secret-girlfriend,
aed,bizarre-love-triangle,BIZARRE_LOVE_TRIANGLE,Bizarre Love Triangle,C_lm7ZzeGr0,62B3FD,,,,,aed,aed.png,Autumn Every Day,9,XX/XX/20XX,Jamie Paige,Jamie Paige,,Marcy Nabors,,Music Links Here,,View Close-up
aed,pass,PASS,Pass,1kMsQTitm_U,CCFFA4,,,,,aed,aed.png,Autumn Every Day,10,XX/XX/20XX,Jamie Paige,Jamie Paige,,Marcy Nabors,,Music Links Here,,View Close-up
aed,honor-majesty,HONOR_MAJESTY,Honor Majesty,UEGyyIeiE0o,E31C2C,,,,,aed,aed.png,Autumn Every Day,11,XX/XX/20XX,Jamie Paige,Jamie Paige,,Marcy Nabors,,Music Links Here,,View Close-up
aed,autumn-every-day,AUTUMN_EVERY_DAY,Autumn Every Day,ZHhjD_rGu5Q,E05C43,,,Main Tab,Original,aed,aed.png,Autumn Every Day,12,XX/XX/20XX,Jamie Paige,Jamie Paige,,Marcy Nabors,,Music Links Here,,View Close-up
aed,hold-me-tightly,HOLD_ME_TIGHTLY,Hold Me Tightly,ZHhjD_rGu5Q,FE3EC7,Singles,,Main Tab,Original,hmt,hmt.jpg | aed.png,Single | Autumn Every Day,13,XX/XX/20XX,Jamie Paige,Jamie Paige,,Marcy Nabors,,Music Links Here,,View Close-up
bs,second-hello,SECOND_HELLO,Second Hello,0CG_dtKnboY,EA3586,,,,,bs,bs.png,,1,11/12/2021,Jamie Paige,Jamie Paige,,Marcy Nabors,,Bandcamp | YouTube - Topic | SoundCloud | Spotify | Apple Music,https://jamiepaige.bandcamp.com/track/second-hello | https://youtu.be/0CG_dtKnboY | https://soundcloud.com/jamieirl/second-hello | https://open.spotify.com/track/44Ywfau16JgO76NISHVfX3 | https://music.apple.com/us/song/second-hello/1590580438,View Close-up=https://x.com/pamiejaige/status/1459563017289535489?s=20
bs,gentle-heart,GENTLE_HEART,Gentle Heart,GmO5TAz1NIY,95C8E7,,,,,bs,bs.png,,2,11/12/2021,Jamie Paige,Jamie Paige | GUMI VOCALOID3 English (backing),,Marcy Nabors,,Bandcamp | YouTube - Topic | SoundCloud | Spotify | Apple Music,https://jamiepaige.bandcamp.com/track/gentle-heart | https://youtu.be/GmO5TAz1NIY | https://soundcloud.com/jamieirl/gentle-heart | https://open.spotify.com/track/1o32nNu3QfmLMOHOhBtcAl | https://music.apple.com/us/song/gentle-heart/1590580439,View Close-up=https://x.com/pamiejaige/status/1459948265663782915
bs,asemic-speech,ASEMIC_SPEECH,Asemic Speech,JrBOCt4D7FM,E45D3E,Singles,,Main Tab,Original,as,as.png | bs.png,Single | Album,3,10/29/2021 - Single | 11/12/2021 - Bittersweet,Jamie Paige | telebasher - Guitar,Jamie Paige | GUMI VOCALOID3 English (backing),,Marcy Nabors,,Bandcamp | YouTube - Topic (Single) | YouTube - Topic (Album) | SoundCloud | Spotify (Single) | Spotify (Album) | Apple Music (Single) | Apple Music (Album),https://jamiepaige.bandcamp.com/track/asemic-speech-feat-telebasher | https://youtu.be/Q369fAeXuFY | https://youtu.be/JrBOCt4D7FM | https://soundcloud.com/jamieirl/asemic-speech-feat-telebasher | https://open.spotify.com/track/3nsfeB6nU63nKYIQM1yyCk | https://open.spotify.com/track/1gDoymD0iff6FTMmuxIEpp | https://music.apple.com/us/song/asemic-speech-feat-telebasher/1590194682 | https://music.apple.com/us/song/asemic-speech-feat-telebasher/1590580440,View Close-up=https://twitter.com/pamiejaige/status/1460330166916460544
bs,nothing-with-you,NOTHING_WITH_YOU,Nothing (with you),muY-3Ot8Vcs,888888,,,,,bs,bs.png,,4,11/12/2021,Jamie Paige,Jamie Paige | GUMI VOCALOID3 English | Microsoft Sam,,Marcy Nabors,,Bandcamp | YouTube - Topic | SoundCloud | Spotify | Apple Music,https://jamiepaige.bandcamp.com/track/nothing-with-you | https://youtu.be/muY-3Ot8Vcs | https://soundcloud.com/jamieirl/nothing-with-you | https://open.spotify.com/track/0hSucwA3mTvIHmiC0vWWLb | https://music.apple.com/us/song/nothing-with-you/1590580441,View Close-up=https://x.com/pamiejaige/status/1461052496793661441
bs,paisley-patterns,PAISLEY_PATTERNS,Paisley Patterns,qeWlNVGzJaI,B347A4,,,,,bs,bs.png,,5,11/12/2021,Jamie Paige,Jamie Paige,,Marcy Nabors,,Bandcamp | YouTube - Topic | SoundCloud | Spotify | Apple Music,https://jamiepaige.bandcamp.com/track/paisley-patterns | https://youtu.be/qeWlNVGzJaI | https://soundcloud.com/jamieirl/paisley-patterns | https://open.spotify.com/track/7hLosRmEdrOZszBpNENl4t | https://music.apple.com/us/song/paisley-patterns/1590580442,View Close-up=https://x.com/pamiejaige/status/1461393184005640203
bs,gummyworm,GUMMYWORM,Gummyworm,1SLftouEUL4,66BDE6,,,,,bs,bs.png,,6,11/12/2021,Jamie Paige,Jamie Paige | GUMI VOCALOID3 English (backing),,Marcy Nabors,,Bandcamp | YouTube - Topic | SoundCloud | Spotify | Apple Music,https://jamiepaige.bandcamp.com/track/gummyworm | https://youtu.be/1SLftouEUL4 | https://soundcloud.com/jamieirl/gummyworm | https://open.spotify.com/track/3vRc8zh4qIgte2x2OiNM3O | https://music.apple.com/us/song/gummyworm/1590580443,View Close-up=https://x.com/pamiejaige/status/1461765870242320387
bs,greatsword-love-as-fire,GREATSWORD,Greatsword / Love as Fire,CfOt7c8KRgo,DD2452,,,,,bs,bs.png,,7,11/12/2021,Jamie Paige,Jamie Paige,,Marcy Nabors,,Bandcamp | YouTube - Topic | SoundCloud | Spotify | Apple Music,https://jamiepaige.bandcamp.com/track/greatsword-love-as-fire | https://youtu.be/CfOt7c8KRgo | https://soundcloud.com/jamieirl/greatsword-love-as-fire | https://open.spotify.com/track/0CiB0MeKlQ3XGgjykYswwc | https://music.apple.com/us/song/greatsword-love-as-fire/1590580444,View Close-up=https://x.com/pamiejaige/status/1462131382910521351?s=20
bs,ally,ALLY,Ally,vlq_qt7jpJg,B6CF36,,,Main Tab,Original,bs,bs.png,,8,11/12/2021,Jamie Paige,Jamie Paige | GUMI VOCALOID3 English,,Marcy Nabors,,Bandcamp | YouTube - Topic | SoundCloud | Spotify | Apple Music,https://jamiepaige.bandcamp.com/track/ally | https://youtu.be/vlq_qt7jpJg | https://soundcloud.com/jamieirl/ally | https://open.spotify.com/track/3xaQfo26tFgdEgLwuD4XBc | https://music.apple.com/us/song/ally/1590580445,View Close-up=https://x.com/pamiejaige/status/1462488576541663233
bs,ballroom,BALLROOM,Ballroom,NQm_cQHXFSs,FFF3DC,,,,,bs,bs.png,,9,11/12/2021,Jamie Paige,Jamie Paige | GUMI VOCALOID3 English (backing),,Marcy Nabors,,Bandcamp | YouTube - Topic | SoundCloud | Spotify | Apple Music,https://jamiepaige.bandcamp.com/track/ballroom-feat-marcy-nabors | https://youtu.be/NQm_cQHXFSs | https://soundcloud.com/jamieirl/ballroom-feat-marcy-nabors | https://open.spotify.com/track/0rtsvpE8TCk7MHrYQacklk | https://music.apple.com/us/song/ballroom-feat-marcy-nabors/1590580806,View Close-up=https://x.com/pamiejaige/status/1462838050162020358
bs,bittersweet,BITTERSWEET,Bittersweet,NaXTfaiSGQ0,755518,,,Main Tab,Original,bs,bs.png,,10,11/12/2021,Jamie Paige,,,Marcy Nabors,,Bandcamp | YouTube - Topic | SoundCloud | Spotify | Apple Music,https://jamiepaige.bandcamp.com/track/bittersweet | https://youtu.be/NaXTfaiSGQ0 | https://soundcloud.com/jamieirl/bittersweet | https://open.spotify.com/track/71rDWOtEHEfHh18o09banx | https://music.apple.com/us/song/bittersweet/1590580807,View Close-up=https://x.com/pamiejaige/status/1463215705222828037
bs,close,CLOSE,Close,kEVpnE0LzQw,FFE13A,,,,,bs,bs.png,,11,11/12/2021,Jamie Paige | Bluffy | Mattmatatt (Guitar),Jamie Paige | Bluffy,,Marcy Nabors,,Bandcamp | YouTube - Topic | SoundCloud | Spotify | Apple Music,https://jamiepaige.bandcamp.com/track/close-feat-bluffy-mattmatatt | https://youtu.be/kEVpnE0LzQw | https://soundcloud.com/jamieirl/close-feat-bluffy-mattmatatt | https://open.spotify.com/track/2XkyBrauIcGJjd9tO0XaDP | https://music.apple.com/us/song/close-feat-bluffy-mattmatatt/1590580808,View Close-up=https://x.com/pamiejaige/status/1463574866414616579
bs,fiction,FICTION,Fiction,,FFFFFF,Bonus,,,,bs,bs.png,,12,11/12/2021,Jamie Paige | GUMI VOCALOID3 English,,,Marcy Nabors,,Bandcamp,https://jamiepaige.bandcamp.com/album/bittersweet,
cc | ccde | jpjp3,dyad,DYAD,Dyad,9KfKbr_wiNQ,FA4333,,,Main Tab,Original,cc,cc.png | ccde.png,Original | Deluxe,1 | 1 | 2,10/25/2024 - Constant Companions | 07/11/2025 - Constant Companions (Deluxe Edition),Jamie Paige | unit.0 - Guitar,Jamie Paige | ANRI | GUMI V6 (backing),,Marcy Nabors,,Bandcamp (Constant Companions) | Bandcamp (CCDE) | YouTube - Topic (Constant Companions) | YouTube - Topic (CCDE) | SoundCloud | Spotify (Constant Companions) | Spotify (CCDE) | Apple Music (Constant Companions) | Apple Music (CCDE),https://jamiepaige.bandcamp.com/track/dyad-2 | https://jamiepaige.bandcamp.com/track/dyad-4 | https://soundcloud.com/jamieirl/dyad-1 | https://youtu.be/9KfKbr_wiNQ | https://youtu.be/plfNhBJnSi0 | https://open.spotify.com/track/0gLXaeRtd8i1jg8eXxxrLp | https://open.spotify.com/track/2NomU8z371dy1kOqfDJ2Jn | https://music.apple.com/us/song/dyad/1771737117 | https://music.apple.com/us/song/dyad-feat-unit-0/1823516993,View Close-up=https://jamiepaige.tumblr.com/post/766883387359232000/constant-companions-closeup-1-dyad
cc | ccde | jpjp4,not-quite-there,NOT_QUITE_THERE,Not Quite There,r0sXI02NJ5M,66BDE6,,,Main Tab,Original,cc,cc.png | ccde.png,Original | Deluxe,2 | 2 | 2,10/25/2024 - Constant Companions | 07/11/2025 - Constant Companions (Deluxe Edition),Jamie Paige | telebasher - Guitar,Jamie Paige | Kasane Teto Synthesizer V (backing) | ANRI Arcane (backing) | GUMI Synthesizer V (backing),,Marcy Nabors,,Bandcamp (Constant Companions) | Bandcamp (CCDE) | YouTube - Topic (Constant Companions) | YouTube - Topic (CCDE) | SoundCloud | Spotify (Constant Companions) | Spotify (CCDE) | Apple Music (Constant Companions) | Apple Music (CCDE),https://jamiepaige.bandcamp.com/track/not-quite-there-with-telebasher | https://jamiepaige.bandcamp.com/track/not-quite-there-with-telebasher-2 | https://youtu.be/r0sXI02NJ5M | https://youtu.be/wKeIYrwKSb0 | https://soundcloud.com/jamieirl/not-quite-there-with | https://open.spotify.com/track/20mRFGm7v1avao9as7IZ2J | https://open.spotify.com/track/6RV6ueqA88HGNdPBwZYhtq | https://music.apple.com/us/song/not-quite-there-feat-telebasher/1771737118 | https://music.apple.com/us/song/not-quite-there-feat-telebasher/1823516994,View Close-up=https://jamiepaige.tumblr.com/post/766978048226672640/constant-companions-closeup-2-not-quite-there
cc | ccde,rot-for-clout,ROT_FOR_CLOUT,ROT FOR CLOUT,1e8NADa_gEI,F7393B,Singles,,Main Tab,Original,r4c,r4c.png | cc.png | ccde.png,Single | Original | Deluxe,3 | 3,10/25/2024 - YouTube MV | 10/25/2024 - Constant Companions | 07/11/2025 - Constant Companions (Deluxe Edition),Jamie Paige | Visualeyes - Keys,Kasane Teto Synthesizer V,,Marcy Nabors,,Bandcamp (Constant Companions) | Bandcamp (CCDE) | YouTube MV | YouTube - Topic (Constant Companions) | YouTube - Topic (CCDE) | SoundCloud | Spotify (Constant Companions) | Spotify (CCDE) | Apple Music (Constant Companions) | Apple Music (CCDE),https://jamiepaige.bandcamp.com/track/rot-for-clout | https://jamiepaige.bandcamp.com/track/rot-for-clout-2 | https://www.youtube.com/watch?v=_AjJZEcMdww | https://youtu.be/1e8NADa_gEI | https://youtu.be/G61d8ntV2I0 | https://soundcloud.com/jamieirl/rot-for-clout-1 | https://open.spotify.com/track/6oodgVJsVi06ocDO9rwNig | https://open.spotify.com/track/7KMBcYVohvvp32uQDBKz3j | https://music.apple.com/us/song/rot-for-clout/1771737119 | https://music.apple.com/us/song/rot-for-clout-feat-visualeyes/1823516995,View Close-up=https://jamiepaige.tumblr.com/post/767067192200167424/constant-companions-closeup-3-rot-for-clout
cc | ccde | jpjp3,i-wish-that-i-could-fall,I_WISH_THAT_I_COULD_FALL,I Wish That I Could Fall,crdr5HNJemk,FFFE16,Singles,,Main Tab,Original,iwticf,iwticf.png | cc.png | ccde.png,Single | Original | Deluxe,4 | 4 | 7,10/04/2024 - YouTube MV | 10/25/2024 - Constant Companions | 07/11/2025 - Constant Companions (Deluxe Edition),Jamie Paige,GUMI Synthesizer V,,Marcy Nabors,,Bandcamp (Constant Companions) | Bandcamp (CCDE) | YouTube MV | YouTube - Topic (Single) | YouTube - Topic (Constant Companions) | YouTube - Topic (CCDE) | SoundCloud | Spotify (Constant Companions) | Spotify (CCDE) | Apple Music (Constant Companions) | Apple Music (CCDE),https://jamiepaige.bandcamp.com/track/i-wish-that-i-could-fall | https://jamiepaige.bandcamp.com/track/i-wish-that-i-could-fall-2 | https://youtu.be/FftLImzl1-k | https://youtu.be/crdr5HNJemk | https://youtu.be/yyzcXeZtfNk | https://youtu.be/zSNKyxG9VQc | https://soundcloud.com/jamieirl/i-wish-that-i-could-fall | https://open.spotify.com/track/51ZkX9yjcV55hMUJUfw2dC | https://open.spotify.com/track/5sw99YAsHzLQsIu4m4pbAP | https://music.apple.com/us/song/i-wish-that-i-could-fall/1771737120 | https://music.apple.com/us/song/i-wish-that-i-could-fall/1823516996,View Close-up=https://jamiepaige.tumblr.com/post/767161132854247424/constant-companions-closeup-4-i-wish-that-i
cc | ccde | jpjp3,cadmium-colors,CADMIUM_COLORS,Cadmium Colors,1U6qefKcOrg,FB6B1D,Singles,,Main Tab,Original,ccolors,ccolors.png | cc.png | ccde.png,Single | Original | Deluxe,5 | 5 | 5,07/26/2024 - YouTube MV | 10/25/2024 - Constant Companions | 07/11/2025 - Constant Companions (Deluxe Edition),Jamie Paige | Soneji of Project Mikan - Saxophone,Kasane Teto Synthesizer V,,Marcy Nabors,,Bandcamp (Single) | Bandcamp (Constant Companions) | Bandcamp (CCDE) | YouTube MV | YouTube - Topic (Single) | YouTube - Topic (Constant Companions) | YouTube - Topic (CCDE) | SoundCloud | Spotify (Constant Companions) | Spotify (CCDE) | Apple Music (Constant Companions) | Apple Music (CCDE),https://jamiepaige.bandcamp.com/album/cadmium-colors | https://jamiepaige.bandcamp.com/track/cadmium-colors | https://jamiepaige.bandcamp.com/track/cadmium-colors-3 | https://youtu.be/1U6qefKcOrg | https://youtu.be/qjEGMvJgv0E | https://youtu.be/auJdZUlKrzM | https://youtu.be/kKYvrvPS7vI | https://soundcloud.com/jamieirl/cadmium-colors | https://open.spotify.com/track/1ClWnDDqgaNx7T41uVid7C | https://open.spotify.com/track/2U4zZd1jmi2Dbw0q9bumqQ | https://music.apple.com/us/song/cadmium-colors/1771737121 | https://music.apple.com/us/song/cadmium-colors/1823516997,View Close-up=https://jamiepaige.tumblr.com/post/767341832396996608/constant-companions-closeup-5-cadmium-colors
cc | ccde,breeze-blows,BREEZE_BLOWS,Breeze Blows,8eM5H7gEoDY,547BD2,,,Main Tab,Original,cc,cc.png | ccde.png,Original | Deluxe,6 | 6,10/25/2024 - Constant Companions | 07/11/2025 - Constant Companions (Deluxe Edition),Jamie Paige | Marcy Nabors | Marlow Jacobs,ANRI | Unknown (backing),,Marcy Nabors,,Bandcamp (Constant Companions) | Bandcamp (CCDE) | YouTube - Topic (Constant Companions) | YouTube - Topic (CCDE) | SoundCloud | Spotify (Constant Companions) | Spotify (CCDE) | Apple Music (Constant Companions) | Apple Music (CCDE),https://jamiepaige.bandcamp.com/track/breeze-blows-with-marcy-nabors-marlow-jacobs | https://jamiepaige.bandcamp.com/track/breeze-blows-with-marcy-nabors-marlow-jacobs-2 | https://youtu.be/8eM5H7gEoDY | https://youtu.be/seM19v4BGKY | https://soundcloud.com/jamieirl/breeze-blows-with-marcy-nabors | https://open.spotify.com/track/1Xb2K4fbgu9kQ9Oz3ncx4t | https://open.spotify.com/track/3tFvFs08p6fIYrQ0rXydlO | https://music.apple.com/us/song/breeze-blows-feat-marcy-nabors-marlow-jacobs/1771737122 | https://music.apple.com/us/song/breeze-blows-feat-marcy-nabors-marlow-jacobs/1823516999,View Close-up=https://jamiepaige.tumblr.com/post/767432910926118912/constant-companions-closeup-6-breeze-blows
cc | ccde,aggrandicize,AGGRANDICIZE,Aggrandicize,0qgkuWx3qxw,00E8EA,,,Main Tab,Original,cc,cc.png | ccde.png,Original | Deluxe,7 | 7,10/25/2024 - Constant Companions | 07/11/2025 - Constant Companions (Deluxe Edition),Jamie Paige,Jamie Paige | ANRI | TikTok TTS Jessie,,Marcy Nabors,,Bandcamp (Constant Companions) | Bandcamp (CCDE) | YouTube - Topic (Constant Companions) | YouTube - Topic (CCDE) | SoundCloud | Spotify (Constant Companions) | Spotify (CCDE) | Apple Music (Constant Companions) | Apple Music (CCDE),https://jamiepaige.bandcamp.com/track/aggrandicize | https://jamiepaige.bandcamp.com/track/aggrandicize-2 | https://youtu.be/0qgkuWx3qxw | https://youtu.be/J-tGdNR5TWA | https://soundcloud.com/jamieirl/aggrandicize-1 | https://open.spotify.com/track/2mcQGT8i36p1NsNV160q9M | https://open.spotify.com/track/4Vk7qUgrxo7Qgt2sn0bb3c | https://music.apple.com/us/song/aggrandicize/1771737124 | https://music.apple.com/us/song/aggrandicize/1823517000,View Close-up=https://jamiepaige.tumblr.com/post/767515450522370048/constant-companions-closeup-7-aggrandicize
cc | ccde | jpjp4,liaison,LIAISON,Liaison,xV9RHi0Gr4w,FF9B55,,,Main Tab,Original,cc,cc.png | ccde.png,Original | Deluxe,8 | 8 | 6,10/25/2024 - Constant Companions | 07/11/2025 - Constant Companions (Deluxe Edition),Jamie Paige,ANRI Arcane | SOLARIA,,Marcy Nabors,,Bandcamp (Constant Companions) | Bandcamp (CCDE) | YouTube - Topic (Constant Companions) | YouTube - Topic (CCDE) | SoundCloud | Spotify (Constant Companions) | Spotify (CCDE) | Apple Music (Constant Companions) | Apple Music (CCDE),https://jamiepaige.bandcamp.com/track/liaison | https://jamiepaige.bandcamp.com/track/liaison-2 | https://youtu.be/xV9RHi0Gr4w | https://youtu.be/gex04Ohg1hA | https://soundcloud.com/jamieirl/liaison-1 | https://open.spotify.com/track/78AspVlkdbmeEZZLCp1GIW | https://open.spotify.com/track/0dNiK8N0zrPf8992QkfQjM | https://music.apple.com/us/song/liaison/1771737125 | https://music.apple.com/us/song/liaison/1823517001,View Close-up=https://jamiepaige.tumblr.com/post/767611654694387712/constant-companions-closeup-8-liaison
cc | ccde | jpjp5,object-of-affection,OBJECT_OF_AFFECTION,Object of Affection,FCd-BHRjz6o,E3C97D,,,Main Tab,Original,cc,cc.png | ccde.png,Original | Deluxe,9 | 9 | 9,10/25/2024 - Constant Companions | 07/11/2025 - Constant Companions (Deluxe Edition),Jamie Paige,Jamie Paige | Kasane Teto Synthesizer V | GUMI Synthesizer V | ANRI Arcane,,Marcy Nabors,,Bandcamp (Constant Companions) | Bandcamp (CCDE) | YouTube - Topic (Constant Companions) | YouTube - Topic (CCDE) | SoundCloud | Spotify (Constant Companions) | Spotify (CCDE) | Apple Music (Constant Companions) | Apple Music (CCDE),https://jamiepaige.bandcamp.com/track/object-of-affection | https://jamiepaige.bandcamp.com/track/object-of-affection-2 | https://youtu.be/FCd-BHRjz6o | https://youtu.be/8rK65YtjwO8 | https://soundcloud.com/jamieirl/object-of-affection-1 | https://open.spotify.com/track/2ajTLpEkHKIUN5rb9pWUih | https://open.spotify.com/track/2R5H0frQCX9xH3Vb2s2g4X | https://music.apple.com/us/song/object-of-affection/1771737126 | https://music.apple.com/us/song/object-of-affection/1823517002,View Close-up=https://jamiepaige.tumblr.com/post/767880721737154560/constant-companions-closeup-10-my-darling-my
ccde,clouddrop,CLOUDDROP,Clouddrop,f3yFpxbP0pc,,,,,,default-dark,ccde.png,,10,07/11/2025,Jamie Paige,Kasane Teto Synthesizer V | GUMI Synthesizer V | ANRI Arcane | Jamie Paige,,Marcy Nabors,,Bandcamp | YouTube - Topic | Spotify | Apple Music,https://jamiepaige.bandcamp.com/track/clouddrop | https://youtu.be/f3yFpxbP0pc | https://open.spotify.com/track/4DYze8GNztq65W8GjORamD | https://music.apple.com/us/song/clouddrop/1823517003,View Close-up
cc | ccde,my-darling-my-companion,MY_DARLING_MY_COMPANION,"My Darling, | My Companion",D-vfGlcyQ28,9AB00A,,,Main Tab,Original,cc,cc.png | ccde.png,Original | Deluxe,10 | 11,10/25/2024 - Constant Companions | 07/11/2025 - Constant Companions (Deluxe Edition),Jamie Paige,Jamie Paige | Kasane Teto Synthesizer V | GUMI V6,,Marcy Nabors,,Bandcamp (Constant Companions) | Bandcamp (CCDE) | YouTube - Topic (Constant Companions) | YouTube - Topic (CCDE) | SoundCloud | Spotify (Constant Companions) | Spotify (CCDE) | Apple Music (Constant Companions) | Apple Music (CCDE),https://jamiepaige.bandcamp.com/track/my-darling-my-companion | https://jamiepaige.bandcamp.com/track/my-darling-my-companion-2 | https://youtu.be/D-vfGlcyQ28 | https://youtu.be/Df0qB5-zYa8 | https://soundcloud.com/jamieirl/my-darling-my-companion | https://open.spotify.com/track/5QOfiw8GuHjtTlTh9P3Gda | https://open.spotify.com/track/19gfhuCtGdiuNOymH9ku1D | https://music.apple.com/us/song/my-darling-my-companion/1771737127 | https://music.apple.com/us/song/my-darling-my-companion/1823517004,View Close-up=https://jamiepaige.tumblr.com/post/767880721737154560/constant-companions-closeup-10-my-darling-my
cc | ccde | jpjp3,machine-love,MACHINE_LOVE,Machine Love,mrLI2gw4Emo,DC4468,Singles,,Main Tab,Original,ml,ml.png | ddoll.jpg | cc.png | ccde.png | bdkt26.png,Single | D/D | CC | CCDE | BDKT26,11 | 12 | 1,04/01/2024 - DAEMON/DOLL | 06/21/2024 - YouTube MV | 10/25/2024 - Constant Companions | 07/11/2025 - Constant Companions (Deluxe Edition) | 02/11/2026 - 0401 - The Best Days of 重音テト 2026,Jamie Paige,Kasane Teto Synthesizer V | Kasane Teto UTAU,,Marcy Nabors,,YouTube MV | Bandcamp (Single) | Bandcamp (Constant Companions) | Bandcamp (CCDE) | YouTube - Topic (DAEMON/DOLL) | YouTube - Topic (Constant Companions) | YouTube - Topic (CCDE) | Spotify (DAEMON/DOLL) | Spotify (Constant Companions) | Spotify (CCDE) | Apple Music (DAEMON/DOLL) | Apple Music (Constant Companions) | Apple Music (CCDE) | SoundCloud,https://www.youtube.com/watch?v=sqK-jh4TDXo | https://jamiepaige.bandcamp.com/album/machine-love | https://jamiepaige.bandcamp.com/track/machine-love-3 | https://jamiepaige.bandcamp.com/track/machine-love-2 | https://youtu.be/NKSqoIGYzGY | https://youtu.be/mrLI2gw4Emo | https://youtu.be/Ebrk8n8QYpc | https://open.spotify.com/track/2cSWLWlGKktMdTu1L3U8bS | https://open.spotify.com/track/1H2pPtoPS8kNlqCN7HfT6g | https://open.spotify.com/track/4sz2bObYc0FqcqxSIb5ZKu | https://music.apple.com/us/album/machine-love/1733731410 | https://music.apple.com/us/album/machine-love/1771737116 | https://music.apple.com/us/album/machine-love/1823516992 | https://soundcloud.com/jamieirl/machine-love,View Close-up=https://jamiepaige.tumblr.com/post/767972575855902720/constant-companions-closeup-11-machine-love | MV Credits=https://jamies.page/mlcredits
ccde,birdbrain,BIRDBRAIN,BIRDBRAIN,Cn__J8t7agk,FECC35,Singles,,Main Tab,Original,bb,bb.png | ccde.png,Single | Deluxe,13,06/28/2025 - YouTube MV | 07/11/2025 - Deluxe Edition,Jamie Paige | OK Glass | ash taylor - Guitar,Kasane Teto Synthesizer V | Frimomen (backing),,Marcy Nabors,,Bandcamp | YouTube MV | YouTube - Topic (Single) | YouTube - Topic (CCDE) | Spotify | Apple Music,https://jamiepaige.bandcamp.com/track/birdbrain-with-ok-glass-2 | https://youtu.be/0iVlSNpq8i8 | https://youtu.be/dBLzh47wdrU | https://youtu.be/Cn__J8t7agk | https://open.spotify.com/track/0d42paxcUOhgvWy0HLxxYl | https://music.apple.com/us/song/birdbrain-feat-ok-glass/1823517006,View Close-up
ccde,shiny-chariot,SHINY_CHARIOT,Shiny Chariot,WXeeY5JVBGU,91DB69,,,,,default-dark,ccde.png,,14,07/11/2025,Jamie Paige,GUMI Synthesizer V | Kasane Teto Synthesizer V (backing),,Marcy Nabors,,Bandcamp | YouTube - Topic | Spotify | Apple Music,https://jamiepaige.bandcamp.com/track/shiny-chariot-2 | https://youtu.be/WXeeY5JVBGU | https://open.spotify.com/track/4VmqRu6GbNHfAaqpHK9EB6 | https://music.apple.com/us/song/shiny-chariot/1823517007,View Close-up
ccde,strawberry,STRAWBERRY,Strawberry,CQBbYjMWorc,C82A0B,,,,,default-dark,ccde.png,,15,07/11/2025,Jamie Paige,Kasane Teto Synthesizer V,,Marcy Nabors,,Bandcamp | YouTube - Topic | Spotify | Apple Music,https://jamiepaige.bandcamp.com/track/strawberry-2 | https://youtu.be/CQBbYjMWorc | https://open.spotify.com/track/1iwtNLLtDOriE0HkEuMRjM | https://music.apple.com/us/song/strawberry/1823517008,View Close-up
ccde,manifesto,MANIFESTO,Manifesto,g7rbq4XSOeg,F7393B,,,Main Tab,Original,default-dark,ccde.png,,16,07/11/2025,Jamie Paige,Kasane Teto Synthesizer V | GUMI Synthesizer V,,Marcy Nabors,,Bandcamp | YouTube - Topic | Spotify | Apple Music,https://jamiepaige.bandcamp.com/track/manifesto-2 | https://youtu.be/g7rbq4XSOeg | https://open.spotify.com/track/7K8tTru2bGEYepiqk3bw9x | https://music.apple.com/us/song/manifesto/1823517009,View Close-up
ccde,dance-delightful,DANCE_DELIGHTFUL,Dance Delightful,sxO1RG9q30I,DE7F46,,,,,mm,mm.png | ccde.png,MACHINA MORI | Deluxe,17,02/14/2025 - MACHINA MORI | 07/11/2025 - Constant Companions (Deluxe Edition),Jamie Paige,Adachi Rei Arpasing | Kasane Teto Synthesizer V (backing),,Marcy Nabors,,Bandcamp | YouTube MV | YouTube - Topic (MM) | YouTube - Topic (CCDE) | Spotify (MM) | Spotify (CCDE) | Apple Music (MACHINA MORI) | Apple Music (CCDE),https://jamiepaige.bandcamp.com/track/dance-delightful | https://youtu.be/u33469XYVWc | https://youtu.be/JXFuZQZs7iU | https://youtu.be/sxO1RG9q30I | https://open.spotify.com/track/2jFHxqI1UgXc5OJIlPpo0m | https://open.spotify.com/track/5z19J7kyYzvWsgeFgHdCiI | https://music.apple.com/us/song/dance-delightful/1827185294 | https://music.apple.com/us/song/dance-delightful/1823517010,View Close-up
cs,papergirl,PAPERGIRL,papergirl,rx0gAuk_gm0,1E92E3,,,,,cs,cs.png,,1,02/06/2026 - c-sides,Jamie Paige,Jamie Paige | ANRI,,,,Bandcamp,https://jamiepaige.bandcamp.com/track/papergirl-7,
cs,little-anger,LITTLE_ANGER,little anger,90FSU2059FM,EA3066,,,,,cs,cs.png,,2,12/24/2024 - Constant Companions' stems,Jamie Paige,Yi Xi,,,,Bandcamp,https://jamiepaige.bandcamp.com/track/little-anger,
cs,ringtone,RINGTONE,ringtone,lChKJTrx8ZI,194F7C,,,,,cs,cs.png,,3,02/06/2026 - c-sides,Jamie Paige,Eleanor Forte | ANRI Arcane,,,,Bandcamp,https://jamiepaige.bandcamp.com/track/ringtone,
cs,one-small-moment-of-silence,ONE_SMALL_MOMENT_OF_SILENCE,one small moment of silence,tJoICd0W-BE,ffffcc,,,,,cs,cs.png,,4,10/11/2024 - YouTube MV,Jamie Paige,NYL | SOLARIA | ASTERIAN | SAROS,,,,YouTube MV | Bandcamp,https://youtu.be/tJoICd0W-BE | https://jamiepaige.bandcamp.com/track/one-small-moment-of-silence,
cs,some-more-of-that-song,SOME_MORE_OF_THAT_SONG,some more of that song,IOUoub2eGhc,F6F7CF,,,,,smots,smots.png | cs.png,vivid/stasis | c-sides,5,08/16/2025 - YouTube MV,Jamie Paige,Kasane Teto Synthesizer V,,,,YouTube MV | Bandcamp,https://youtu.be/IOUoub2eGhc | https://jamiepaige.bandcamp.com/track/some-more-of-that-song,
contentcompanion,no-eulogies,NO_EULOGIES,NO EULOGIES,,FFFFFF,,,,,default,noeulogies.png | contentcompanion.jpg,unbeatable | Content Companion,1,07/27/2026 - unbeatable | 07/28/2026 - The Jamie Paige Content Companion's Official Companion Content,"Jamie Paige x D-CELL SOUND TEAM | Jamie Paige - composition, arrangement, lyrics, synth v programming, mixing and mastering | RJ Lake - composition, arrangement and lyrics | Rachel Lake - lyrics | Clara Maddux - composition, arrangement and guitars | Vasily Nikolaev - composition, additional arrangement and additional bassg",Rachel Lake | Kasane Teto Synthesizer V,,,,Bandcamp | YouTube - MV,https://dcellgames.bandcamp.com/track/no-eulogies | https://www.youtube.com/watch?v=LiRFOeh0jNE,
contentcompanion,dream-diary,DREAM_DIARY,DREAM DIARY,,FFFFFF,,,Main Tab,unbeatable,default,ddiary.png | contentcompanion.jpg,unbeatable | Content Companion,2,07/27/2026 - unbeatable | 07/28/2026 - The Jamie Paige Content Companion's Official Companion Content,Jamie Paige x D-CELL SOUND TEAM,RJ Lake | Rachel Lake,,,,Bandcamp,https://dcellgames.bandcamp.com/track/dream-diary,
contentcompanion,my-universal,MY_UNIVERSAL,MY UNIVERSAL,,FFFFFF,,,Main Tab,unbeatable,default,mu.png | contentcompanion.jpg,unbeatable | Content Companion,3,07/27/2026 - unbeatable | 07/28/2026 - The Jamie Paige Content Companion's Official Companion Content,Jamie Paige x D-CELL SOUND TEAM,RJ Lake | Rachel Lake,,,,Bandcamp,https://dcellgames.bandcamp.com/track/my-universal,
contentcompanion,sleeping-in,SLEEPING_IN,SLEEPING IN [jamie paige remix],,FFFFFF,,,,,default,sijpr.jpg | contentcompanion.jpg,unbeatable | Content Companion,4,07/27/2026 - unbeatable | 07/28/2026 - The Jamie Paige Content Companion's Official Companion Content,Jamie Paige x D-CELL SOUND TEAM,Rachel Lake,,,,Bandcamp,https://dcellgames.bandcamp.com/track/sleeping-in-jamie-paige-remix,
contentcompanion,i-wish-that-i-could-fall-peak,I_WISH_THAT_I_COULD_FALL_PEAK_DIVIDE,I WISH THAT I COULD FALL [peak divide arrange],,FFFFFF,,,,,default,iwticfpd.png | contentcompanion.jpg,unbeatable | Content Companion,5,07/27/2026 - unbeatable | 07/28/2026 - The Jamie Paige Content Companion's Official Companion Content,"Jamie Paige x D-CELL SOUND TEAM | Clara Maddux - composition, arrangement, drum programming, bass and guitars | Vasily Nikolaev - additional composition, additional arrangement, synths, additional guitars and mixing",GUMI Synthesizer V,,,,Bandcamp,https://dcellgames.bandcamp.com/track/i-wish-that-i-could-fall-peak-divide-arrange,
contentcompanion,its-2013-again#turn-back,TURN_BACK,TURN BACK,,FFFFFF,,,Alt Tab,2017,default,tb.png | contentcompanion.jpg,unbeatable | Content Companion,6,07/27/2026 - unbeatable | 07/28/2026 - The Jamie Paige Content Companion's Official Companion Content,Jamie Paige x D-CELL SOUND TEAM,GUMI VOCALOID3 English,,,,Bandcamp,https://dcellgames.bandcamp.com/track/turn-back,
contentcompanion,ebi#quaver,EBI,エビチャーハン! QUAVER VERSION (it's actually reasonable that a twelve year old would be able to fry this rice),,,,,Alt Tab,Quaver,default,ebiquaver.png | contentcompanion.jpg,unbeatable | Content Companion,7,07/27/2026 - unbeatable | 07/28/2026 - The Jamie Paige Content Companion's Official Companion Content,Jamie Paige x D-CELL SOUND TEAM,Holly Earl as Quaver | Rachel Lake as Beat,,,,Bandcamp,https://dcellgames.bandcamp.com/track/quaver-version-its-actually-reasonable-that-a-twelve-year-old-would-be-able-to-fry-this-ricehttps://dcellgames.bandcamp.com/track/quaver-version-its-actually-reasonable-that-a-twelve-year-old-would-be-able-to-fry-this-rice,
contentcompanion,square-up#synthetic,SQUARE_UP_SYNTHETIC,square up [synthetic],,FFFFFF,Bonus,,Alt Tab,Synthetic,default,su.png | contentcompanion.jpg,unbeatable | Content Companion,8,07/27/2026 - unbeatable | 07/28/2026 - The Jamie Paige Content Companion's Official Companion Content,Jamie Paige x D-CELL SOUND TEAM,Kasane Teto UTAU | GUMI VOCALOID3 English,,,,Bandcamp (bonus track),https://dcellgames.bandcamp.com/album/the-jamie-paige-content-companions-official-companion-content,
cardiaccontrepoint,butcher-vanity,BUTCHER_VANITY,BUTCHER VANITY,WvHg7jSDN4A,FF2000,Singles,,Main Tab,Original,bv,bv.png | bvcc.png | ccontrepoint.png | bvi.png,Single | Bandcamp | Album | Inst.,1 |,03/08/2024 - YouTube MV | 02/14/2025 - CARDIAC CONTREPOINT,FLAVOR FOLEY,Yi Xi Synthesizer V,,,,"Bandcamp (Single) | Bandcamp (Album) | YouTube MV | YouTube - Topic (Single, Vane Lily) | YouTube - Topic (Single, FLAVOR FOLEY) | YouTube - Topic (Album) | YouTube - Topic (Album Reprint) | Spotify (Single) | Spotify (Album) | Apple Music (Single) | Apple Music (Album)",https://jamiepaige.bandcamp.com/album/butcher-vanity | https://flavorfoley.bandcamp.com/track/butcher-vanity | https://youtu.be/vjBFftpQxxM | https://youtu.be/o4dxH06Jgp0 | https://youtu.be/M5mIYZbYL_4 | https://youtu.be/R7E9Q_Ot9M8 | https://youtu.be/WvHg7jSDN4A | https://open.spotify.com/track/5w5wBkH4ana9waptVsxJCq | https://open.spotify.com/track/2QB1vK4MFiYgLlCHMLj51r | https://music.apple.com/us/song/butcher-vanity-feat-jamie-paige-ricedeity/1738176942 | https://music.apple.com/us/song/butcher-vanity/1793749572,
,butcher-vanity#live,BUTCHER_VANITY,BUTCHER VANITY - Digital Stars @ MIKU EXPO 2024,,,,,Alt Tab,Live,bv,ds2024.png,,,XX/XX/20XX,FLAVOR FOLEY,Yi XI Synthesizer V,,,,Music Links Here,,
,butcher-vanity#radio,BUTCHER_VANITY,BUTCHER VANITY - Radio,,,,,Alt Tab,Radio,bv,vvff.png,,,XX/XX/20XX,FLAVOR FOLEY,Yi XI Synthesizer V,,,,Music Links Here,,
cardiaccontrepoint,rawdog,RAWDOG,rawdog,xbNDYGqRTSk,FE9E26,,,Main Tab,Original,default,rd.jpg | rdcc.png | ccontrepoint.png,Album,2,XX/XX/20XX,FLAVOR FOLEY,Hayden Synthesizer V,,,,Music Links Here,,
cardiaccontrepoint,weathergirl,WEATHERGIRL,weathergirl,o5CyWg-Wyng,98A0B3,,,,,default,wg.jpg | wgcc.png | ccontrepoint.png,Album,3,XX/XX/20XX,FLAVOR FOLEY,Eleanor Forte AI,,,,Music Links Here,,
cardiaccontrepoint,weiward-romance,WEIWARD_ROMANCE,炜WARD ROMANCE,msrfXj3xyXg,96786,,,,,default,wwr.jpg | wwrcc.png | ccontrepoint.png,Album,4,XX/XX/20XX,FLAVOR FOLEY,Feng Yi,,,,Music Links Here,,
cardiaccontrepoint,water-the-roses,WATER_THE_ROSES,Water the Roses,8L9qCnWslK0,ADCD6A,,,,,default,wtr.jpg | wtrcc.png | ccontrepoint.png,Album,5,XX/XX/20XX,FLAVOR FOLEY,GUMI Synthesizer V,,,,Music Links Here,,
cardiaccontrepoint,queen-of-venus,QUEEN_OF_VENUS,Queen of Venus,xRJHTlKG6wI,183EC4,,,,,default,qov.jpg | qovcc.png | ccontrepoint.png,Album,6,XX/XX/20XX,FLAVOR FOLEY,Adachi Rei Arpasing UTAU,,,,Music Links Here,,
cardiaccontrepoint,paparazzi-murder-party-rr,PAPARAZZI_MURDER_PARTY_RR,Paparazzi Murder Party (ROUNDTABLE REPRISE),u158PaiZZvw,412C3D,,,,,default,pmprr.png | ccontrepoint.png,Album,7,XX/XX/20XX,FLAVOR FOLEY,Mai Synthesizer V,,,,Music Links Here,,
cardiaccontrepoint,snowflake-rr,SNOWFLAKE_RR,snowflake (ROUNDTABLE REPRISE),rjdD4QtmM5I,8D898D,,,,,default,sfrr.png | ccontrepoint.png,Album,8,XX/XX/20XX,FLAVOR FOLEY,Hanakuma Chifuyu Synthesizer V,,,,Music Links Here,,
cardiaccontrepoint,when-spring-comes#rr,WHEN_SPRING_COMES_RR,When Spring Comes (ROUNDTABLE REPRISE),iH7QlFWoBiQ,FFFFAF,,,Alt Tab,Reprise,default,wscrr.png | ccontrepoint.png,Album,9,XX/XX/20XX,FLAVOR FOLEY,Miss Mr. Kevin Synthesizer V,,,,Music Links Here,,
,destiny,DESTINY,Destiny,277Sh4WaKSM,FFFFFF,Singles,,Main Tab,Original,default,destiny.jpg,Album,1,XX/XX/20XX,Jamie Paige | Drainpuppet,Jamie Paige,,,,Music Links Here,,
,destiny#marcy-nabors,DESTINY_MARCY_NABORS_REMIX,Destiny (Marcy Nabors Remix),BnQb2vf85z0,FFFFFF,Singles,,Alt Tab,Remix,default,destiny.jpg,Album,2,XX/XX/20XX,Jamie Paige,,,,,Music Links Here,,
,people-posture-play-pretend,PEOPLE_POSTURE_PLAY_PRETEND,People Posture Play Pretend,uMKZIIDgkH4,FFFFFF,Singles,,Main Tab,Original,default,pppp.png,Album,1,XX/XX/20XX,Jamie Paige,,,,,Music Links Here,,
,when-spring-comes,WHEN_SPRING_COMES,When Spring Comes,aGAfw-WzPf4,FFFFFF,Singles,,Main Tab,Original,default,pppp.png,Album,2,XX/XX/20XX,Jamie Paige,,,,,Music Links Here,,
,do-no-harm-atrial-mix,DO_NO_HARM_ATRIAL_MIX,Do No Harm (Atrial Mix),Fr-c74R5dEs,FFFFFF,Singles,,Main Tab,Atrial,default,dnh.png,Album,1,XX/XX/20XX,Jamie Paige,,,,,Music Links Here,,
,do-no-harm-atrial-mix#ventricular,DO_NO_HARM_VENTRICULAR_MIX,Do No Harm (Ventricular Mix),Us9mJKchung,FFFFFF,Singles,,Alt Tab,Ventricular,default,dnh.png,Album,2,XX/XX/20XX,Jamie Paige,,,,,Music Links Here,,
video-hunting-specimen,vhs-get,VHS_GET,VHS get!,,FFFFFF,,,,,default,vhs.png,Album,1,XX/XX/20XX,Jamie Paige,,,,,Music Links Here,,
video-hunting-specimen,dont-stop,DONT_STOP,DON'T STOP !,,FFFFFF,,,,,default,vhs.png,Album,2,XX/XX/20XX,Jamie Paige,,,,,Music Links Here,,
video-hunting-specimen,buh-buh-buh-baby-vacant-heart-sounds,BUH_BUH_BUH_BABY_VACANT_HEART_SOUNDS,Buh buh buh baby (Vacant heart sounds),,FFFFFF,,,,,default,vhs.png,Album,3,XX/XX/20XX,Jamie Paige,,,,,Music Links Here,,
video-hunting-specimen,the-whole-place-has-to-workit,THE_WHOLE_PLACE_HAS_TO_WORKIT,(The whole place has to) Workit,,FFFFFF,,,,,default,vhs.png,Album,4,XX/XX/20XX,Jamie Paige,,,,,Music Links Here,,
video-hunting-specimen,marcy-nabors-and-jamie-paige-take-your-bones-to-work-day,TAKE_YOUR_BONES_TO_WORK_DAY,Take your bones to work day,,FFFFFF,,,,,default,vhs.png,Album,5,XX/XX/20XX,Jamie Paige,,,,,Music Links Here,,
aod,automated-answering-service#behind,BEHIND_THE_PHONE_LINE,Behind the phone line,,FFFFFF,,,Alt Tab,Behind the Scenes,default,aod.png,Album,1,XX/XX/20XX,Jamie Paige,,,,,Music Links Here,,
aod,secret-girlfriend#dream-logic,SECRET_GIRLFRIEND_DREAM_LOGIC_VERSION,Secret Girlfriend (Dream Logic Version),43THq1A0ous,FFFFFF,,,Alt Tab,Alternate,default,aod.png,Album,2,XX/XX/20XX,Jamie Paige,,,,,Music Links Here,,
aod,fenicsong-with-valerie-halla,FENICSONG_WITH_VALERIE_HALLA,Fenicsong (with Valerie Halla),,FFFFFF,,,,,default,aod.png,Album,3,XX/XX/20XX,Jamie Paige,,,,,Music Links Here,,
aod,abraxas,ABRAXAS,Abraxas,,FFFFFF,,,,,default,aod.png,Album,4,XX/XX/20XX,Jamie Paige,,,,,Music Links Here,,
aod,hey-jamie-lets-go-to-walmart,HEY_JAMIE_LETS_GO_TO_WALMART,"Hey Jamie, Let's Go to Walmart!",,FFFFFF,,,,,default,aod.png,Album,5,XX/XX/20XX,Jamie Paige,,,,,Music Links Here,,
aod,girl-heart-friend,GIRL_HEART_FRIEND,Girl Heart Friend,,FFFFFF,,,,,default,aod.png,Album,6,XX/XX/20XX,Jamie Paige,,,,,Music Links Here,,
aod,for-u,FOR_U,For U,,FFFFFF,,,,,default,aod.png,Album,7,XX/XX/20XX,Jamie Paige,,,,,Music Links Here,,
aod,to-atlantis#oddeeo,TO_ATLANTIS_ODDEEO_REMIX,To Atlantis (ODDEEO Remix),,FFFFFF,,,Alt Tab,ODDEEO Remix,default,aod.png,Album,8,XX/XX/20XX,Jamie Paige,,,,,Music Links Here,,
aod,too-much-autotune#drainpuppet,TOO_MUCH_AUTOTUNE,Too Much Autotune (Drainpuppet's Attention Deficitmix),,,,,Alt Tab,Drainpuppet Remix,default,aod.png,Album,9,XX/XX/20XX,Jamie Paige,,,,,Music Links Here,,
aod,autumn-every-day#lavande,AUTUMN_EVERY_DAY_LAVANDE_REMIX,Autumn Every Day (Lavande Remix),,FFFFFF,,,Alt Tab,Lavande Remix,default,aod.png,,10,XX/XX/20XX,Jamie Paige,,,,,Music Links Here,,
aod,a-thousand-miles,A_THOUSAND_MILES,A Thousand Miles,MQ8wTxleBa0,FFFFFF,,,,,default,aod.png,Album,11,XX/XX/20XX,Jamie Paige,,,,,Music Links Here,,
aod,lonely-singing-doll,LONELY_SINGING_DOLL,Lonely Singing Doll,,FFFFFF,,,,,default,aod.png,Album,12,XX/XX/20XX,Jamie Paige,,,,,Music Links Here,,
aod,peg,PEG,Peg,,FFFFFF,,,,,default,aod.png,Album,13,XX/XX/20XX,Jamie Paige,,,,,Music Links Here,,
aod,like-a-dream,LIKE_A_DREAM,Like a Dream,,FFFFFF,,,,,default,aod.png,Album,14,XX/XX/20XX,Jamie Paige,,,,,Music Links Here,,
aod,closer,CLOSER,Closer,FzFTQT29fYo,FFFFFF,,,,,default,aod.png,Album,15,XX/XX/20XX,Jamie Paige,,,,,Music Links Here,,
aod,rather-be,RATHER_BE,Rather Be,,FFFFFF,,,,,default,aod.png,Album,16,XX/XX/20XX,Jamie Paige,,,,,Music Links Here,,
aod,pollyanna-i-believe-in-you,POLLYANNA_I_BELIEVE_IN_YOU,Pollyanna (I Believe in You),,FFFFFF,,,,,default,aod.png,Album,17,XX/XX/20XX,Jamie Paige,,,,,Music Links Here,,
aod,oddeeo-karma-wears-white-ties-chinatown-blues-jamie-paige-remix,CHINATOWN_BLUES,Chinatown Blues (Jamie Paige Remix),uWLMowAK9yU,FFFFFF,,,,,default,aod.png,Album,18,XX/XX/20XX,Jamie Paige,,,,,Music Links Here,,
aod,nelward-apple-shampoo-jamie-paiges-mcintosh-mix,APPLE_SHAMPOO,Apple Shampoo (Jamie Paige's McIntosh Mix),QNxfYXYIyLc,FFFFFF,,,,,default,aisr.jpg,Album,19,3/15/2018 - Alive in Screen: Remixes | 3/22/2018 - Autumn's Other Days,Jamie Paige | nelward,,,,,Bandcamp | YouTube - Topic | SoundCloud | Spotify | Apple Music,https://jamiepaige.bandcamp.com/track/apple-shampoo-jamie-paiges-mcintosh-mix | https://www.youtube.com/watch?v=QNxfYXYIyLc | https://soundcloud.com/deskpopmusic/nelward-apple-shampoo-jamie | https://open.spotify.com/track/2BI3IlcajURQIROT4TsPb1 | https://music.apple.com/us/song/apple-shampoo-jamie-paiges-mcintosh-mix/1360084457,
aod,soundcloud-promo-with-cory-pangilinan-and-marcy-nabors,SOUNDCLOUD_PROMO,Soundcloud Promo (with Cory Pangilinan & Marcy Nabors),,FFFFFF,,,,,default,aod.png,Album,20,XX/XX/20XX,Jamie Paige,,,,,Music Links Here,,
aod,distinct-recollections-of-russian-nesting-dolls-in-a-moving-car,RUSSIAN_NESTING_DOLLS,Distinct Recollections of Russian Nesting Dolls in a Moving Car,,FFFFFF,,,,,default,aod.png,Album,21,XX/XX/20XX,Jamie Paige,,,,,Music Links Here,,
bc,on-fire-from-fourth-strike-song-jam-2021,ON_FIRE,On Fire,3jEguPLpKDA,FFFFFF,,,,,default,of.jpg | bc.jpg,Fourth Strike | Buttercream,1,11/04/2021 - SoundCloud | 11/05/2021 - Fourth Strike Song Jam 2021 | 7/08/2022 - Buttercream,Jamie Paige,,,,,Bandcamp (Fourth Strike Song Jam 2021) | Bandcamp (Buttercream) | SoundCloud,https://fourth-strike.bandcamp.com/track/on-fire-jamie-paige | https://jamiepaige.bandcamp.com/track/on-fire-from-fourth-strike-song-jam-2021 | https://soundcloud.com/jamieirl/on-fire-from-fourth-strike-song-jam-2021,
bc,breakup,BREAKUP,breakup!,,FFFFFF,,,,,default,bc.jpg,Buttercream,2,7/08/2022,Jamie Paige,,,,,Music Links Here,,
bc,winter,WINTER,winter,,FFFFFF,,,,,default,bc.jpg,Buttercream,3,7/08/2022,Jamie Paige,,,,,Music Links Here,,
bc,brush,BRUSH,brush,,FFFFFF,,,,,default,bc.jpg,Buttercream,4,7/08/2022,Jamie Paige,,,,,Music Links Here,,
bc,feather,FEATHER,feather,,FFFFFF,,,,,default,bc.jpg,Buttercream,5,7/08/2022,Jamie Paige,,,,,Music Links Here,,
bc,this-project-file-is-called-depression-shit-i-guess,DEPRESSION_SHIT,"this project file is called ""depression shit i guess""",,FFFFFF,,,,,default,bc.jpg,Buttercream,6,7/08/2022,Jamie Paige,,,,,Music Links Here,,
bc,that-aint-how-it-has-to-be,THAT_AINT_HOW_IT_HAS_TO_BE,that aint how it has to be,,FFFFFF,,,,,default,bc.jpg,Buttercream,7,7/08/2022,Jamie Paige,,,,,Music Links Here,,
bc,by-the-seashore,BY_THE_SEASHORE,by the seashore,,FFFFFF,,,,,default,bc.jpg,Buttercream,8,7/08/2022,Jamie Paige,,,,,Music Links Here,,
bc,ally#demo,BETWEEN_THE_DAY_AND_NIGHT,between the day and night (ally beta),,FFFFFF,,,Alt Tab,Demo,default,bc.jpg,Buttercream,9,7/08/2022,Jamie Paige,,,,,Music Links Here,,
bc,asemic-speech#demo,ASEMIC_SPEECH_DEMO,asemic speech (demo),,FFFFFF,,,Alt Tab,Demo,default,bc.jpg,Buttercream,10,7/08/2022,Jamie Paige,,,,,Music Links Here,,
bc,bittersweet#demo,BITTERSWEET_DEMO,bittersweet (demo),,FFFFFF,,,Alt Tab,Demo,default,bc.jpg,Buttercream,11,7/08/2022,Jamie Paige,,,,,Music Links Here,,
bc,where-hearts-thaw,WHERE_HEARTS_THAW,where hearts thaw,,615858,,,,,default,bc.jpg,Buttercream,12,04/10/2022 - SoundCloud | 7/08/2022 - Buttercream,Jamie Paige,,,,,Bandcamp | SoundCloud,https://jamiepaige.bandcamp.com/track/where-hearts-thaw | https://soundcloud.com/pamiejaige/where-hearts-thaw,
bc | social,the-patterns-of-clouds,THE_PATTERNS_OF_CLOUDS,the patterns of clouds,5xUC1pmaHxA,FFFFFF,,,,,default,tpoc.jpg | bc.jpg,SoundCloud | Album,13,7/08/2022 - Buttercream,Jamie Paige,,,,,Music Links Here,,
bc | social,escape-ffxiv-cover,ESCAPE_FFXIV_COVER,eScape (ffxiv cover),,FFFFFF,,,,,default,bc.jpg,Buttercream,14,7/08/2022 - Buttercream,Jamie Paige,,,,,Music Links Here,,
bc | pamiejaige,spaceman-the-killers-cover,SPACEMAN,spaceman (the killers cover),,FFFFFF,,,,,default,spaceman.jpg | bc.jpg,Single | Buttercream,15,4/29/2022 - SoundCloud | 07/08/2022 - Buttercrea,Jamie Paige | the killers,,,,,Bandcamp | SoundCloud,https://jamiepaige.bandcamp.com/track/spaceman-the-killers-cover | https://soundcloud.com/| pamiejaige/spaceman-cover,
bc | pamiejaige,patchwork-eden-sasakure-uk-cover,PATCHWORK_EDEN,patchwork eden (sasakure.uk cover),,FFFFFF,,,,,default,bc.jpg,Buttercream,16,7/08/2022 - Buttercream,Jamie Paige,,,,,Music Links Here,,
bc,vessel-of-stars-casket-of-star,VESSEL_OF_STARS_CASKET_OF_STAR,vessel of stars ~ casket of star,,FFFFFF,,,,,default,bc.jpg,Buttercream,17,7/08/2022 - Buttercream,Jamie Paige,,,,,Music Links Here,,
bc,grimoire-of-alice-x-locked-girl,GRIMOIRE_OF_ALICE_X_LOCKED_GIRL,grimoire of alice x locked girl,,FFFFFF,,,,,default,bc.jpg,Buttercream,18,7/08/2022 - Buttercream,Jamie Paige,,,,,Music Links Here,,
bc | ds2021,grand-restore#2021,GRAND_RESTORE_2021,grand restore (2021 version),,FFFFFF,,,Alt Tab,2021,default,bc.jpg,Buttercream,19,7/08/2022 - Buttercream,Jamie Paige,,,,,Music Links Here,,
bc | ds2021,love-taste#2021,LOVE_TASTE,love taste (jamie paige rmx),,,,,Alt Tab,2021,default,bc.jpg,Buttercream,20,7/08/2022 - Buttercream,Jamie Paige,,,,,Music Links Here,,
bc | ds2021,song-for-jijo#2021,SONG_FOR_JIJO_2021,song for jijo (2021 version),,FFFFFF,,,Alt Tab,2021,default,bc.jpg,Buttercream,21,7/08/2022 - Buttercream,Jamie Paige,,,,,Music Links Here,,
bc | ds2021,swag-pt-3-its-2014-again,SWAG_PT_3_ITS_2014_AGAIN,SWAG PT. 3: IT'S 2014 AGAIN,,FFFFFF,,,,,default,bc.jpg,Buttercream,22,7/08/2022 - Buttercream,Jamie Paige,,,,,Music Links Here,,
jpjp3,funtown-usa,FUNTOWN_USA,Funtown USA | (tv room cover),,FFFFFF,,,,,default,jpjp3.png,Jam Pack,4,03/16/2024,Jamie Paige,Kasane Teto Synthesizer V,,,,Music Links Here,,
jpjp3,its-2013-again#synthv,ITS_2013_AGAIN_AGAIN,It's 2013 Again Again,,FFFFFF,,,Alt Tab,Synthesizer V,default,jpjp3.png,Jam Pack,3,03/16/2024,Jamie Paige,Kasane Teto Synthesizer V,,,,Music Links Here,,
jpjp3 | pamiejaige | social,paisley-pudge-airship,PAISLEY_PUDGE_AIRSHIP,paisley pudge is in her airship rapidly approaching your location you have six seconds left to live,,FFFFFF,,,,,default,jpjp3.png,SoundCloud | Jam Pack,6,09/17/2023 - pamiejaige SoundCloud | 03/16/2024 - Jamie P Jam Pack - March 2024,Jamie Paige,Jamie Paige,,,,Bandcamp | Twitter Demo | Twitter Demo | Twitter MV,https://jamiepaige.bandcamp.com/track/paisley-pudge-is-in-her-airship-rapidly-approaching-your-location-you-have-six-seconds-left-to-live | https://soundcloud.com/pamiejaige/paisley-pudge-is-in-her-airship-rapidly-approaching-your-location-you-have-six-seconds-left-to-live | https://x.com/paisleypudge/status/1635070788553547777 | https://x.com/pudgierpuk/status/1703611250888859793,
jpjp4,shrimp-miku-yelling-at-me,SHRIMP_MIKU_YELLING_AT_ME,shrimp miku yelling at me,,FFFFFF,,,,,default,jpjp4.png,Jam Pack,1,TBD,Jamie Paige,,,,,Music Links Here,,
jpjp4,vane-ft-enid-and-hatsune-miku-pitter-patter-jamie-p-remix,PITTER_PATTER,Pitter Patter (jamie p remix),,FFFFFF,,,,,default,jpjp4.png,Jam Pack,3,TBD,Jamie Paige,,,,,Music Links Here,,
jpjp4,get-down-b4-4-cover-i-guess,GET_DOWN,Get Down (b4-4 cover i guess),,FFFFFF,,,,,default,jpjp4.png,Jam Pack,4,TBD,Jamie Paige,,,,,Music Links Here,,
jpjp4,oddeeo-this-feeling-is-a-cliche-jamie-p-edit,THIS_FEELING_IS_A_CLICHE,This_feeling_is_a_cliche... (jamie p edit),,FFFFFF,,,,,default,jpjp4.png,Jam Pack,5,TBD,Jamie Paige,,,,,Music Links Here,,
jpjp5,poinsettia-demo,POINSETTIA_DEMO,Poinsettia (demo),,FFFFFF,,,,,default,jpjp5.jpg,Jam Pack,1,TBD,Jamie Paige,,,,,Music Links Here,,
jpjp5,people-posture-play-pretend#arcane,PEOPLE_POSTURE_PLAY_PRETEND_ARCANE,People Posture Play Pretend (arcane),,FFFFFF,,,Alt Tab,Arcane,default,jpjp5.jpg,Jam Pack,2,TBD,Jamie Paige,,,,,Music Links Here,,
jpjp5,lineage-of-legless-lizards-demo,LINEAGE_OF_LEGLESS_LIZARDS_DEMO,Lineage of Legless Lizards (demo),,FFFFFF,,,,,default,jpjp5.jpg,Jam Pack,3,TBD,Jamie Paige,,,,,Music Links Here,,
jpjp5,march-of-the-quail-doves,MARCH_OF_THE_QUAIL_DOVES,March of the Quail-Doves,,FFFFFF,,,,,default,jpjp5.jpg,Album,4,TBD,Jamie Paige,,,,,Music Links Here,,
jpjp5,standing-up-demo,STANDING_UP_DEMO,Standing Up (demo),,FFFFFF,,,,,default,jpjp5.jpg,Album,5,TBD,Jamie Paige,,,,,Music Links Here,,
jpjp5,machine-love#lofi,MACHINE_LOVE_LO_FI_HIP_HOP,Machine Love ('lo-fi hip hop beat to daemon/doll to' version),,FFFFFF,,,Alt Tab,Lo-fi,default,jpjp5.jpg,Album,6,TBD,Jamie Paige,,,,,Music Links Here,,
jpjp5,alabaster-demo,ALABASTER_DEMO,Alabaster (demo),,FFFFFF,,,,,default,jpjp5.jpg,Album,7,TBD,Jamie Paige,,,,,Music Links Here,,
jpjp5,light-mode-lover-demo,LIGHT_MODE_LOVER_DEMO,Light Mode Lover (demo),,FFFFFF,,,,,default,jpjp5.jpg,Album,8,TBD,Jamie Paige,,,,,Music Links Here,,
jpjp5,frimomen-penis-blast,FRIMOMEN_PENIS_BLAST,frimomen penis blast,,FFFFFF,,,,,default,jpjp5.jpg,Album,10,TBD,Jamie Paige,,,,,Music Links Here,,
jpjp6,so-what-am-i-supposed-to-do-with-track-10,SO_WHAT_AM_I_SUPPOSED_TO_DO_WITH_TRACK_10,"""so what am i supposed to do with track 10?""",,FFFFFF,,,,,default,jpjp6.png,Album,1,TBD,Jamie Paige,,,,,Music Links Here,,
jpjp6,magnasanti-idea-1,MAGNASANTI_IDEA_1,Magnasanti [idea 1],,FFFFFF,,,Main Tab,Idea 1,default,jpjp6.png,Album,2,TBD,Jamie Paige,,,,,Music Links Here,,
jpjp6,magnasanti-idea-1#idea-1.5,MAGNASANTI_BUT_DIFFERENT_IDEA_1_5,Magnasanti (but different) [idea 1.5],,FFFFFF,,,Alt Tab,Idea 1.5,default,jpjp6.png,Album,3,TBD,Jamie Paige,,,,,Music Links Here,,
jpjp6,all-i-want-to-do-idea-2,ALL_I_WANT_TO_DO_IDEA_2,All I Want To Do [idea 2],,FFFFFF,,,Main Tab,Idea 2,default,jpjp6.png,Album,4,TBD,Jamie Paige,,,,,Music Links Here,,
jpjp6,all-i-want-to-do-idea-2#gust,ALL_I_WANT_TO_DO_GUST_IDEA_3,All I Want To Do (Gust) [idea 3],,FFFFFF,,,Alt Tab,Gust,default,jpjp6.png,Album,5,TBD,Jamie Paige,,,,,Music Links Here,,
jpjp6,manifesto-idea-4,MANIFESTO_IDEA_4,Manifesto [idea 4],,FFFFFF,,,Alt Tab,Idea 4,default,jpjp6.png,Album,6,TBD,Jamie Paige,,,,,Music Links Here,,
jpjp6,international-sweet-trip-cover,INTERNATIONAL,International (sweet trip cover),,FFFFFF,,,,,default,jpjp6.png,Album,7,TBD,Jamie Paige,,,,,Music Links Here,,
ccii,dyad#demo,DYAD_DEMO,dyad with vox.mp3,,C6C6C6,,0:40,Alt Tab,Demo,grayscale,ccii.png,,1,10/05/2024,Jamie Paige,,,,,Bandcamp,https://jamiepaige.bandcamp.com/track/dyad-with-vox-mp3,
ccii,not-quite-there#demo,NOT_QUITE_THERE_DEMO,all i ever do is watch wip 2.mp3 / not quite there.mp3,,C6C6C6,,2:43,Alt Tab,Demo,grayscale,ccii.png,,2,10/05/2024,Jamie Paige,,,,,Bandcamp,https://jamiepaige.bandcamp.com/track/all-i-ever-do-is-watch-wip-2-mp3-not-quite-there-mp3,
ccii,rot-for-clout#demo,ROT_FOR_CLOUT_DEMO,cloutchaser longer.wav,lagssHOCgak,C6C6C6,,0:27,Alt Tab,Demo,grayscale,ccii.png,,3,10/05/2024,Jamie Paige,,,,,Bandcamp,https://jamiepaige.bandcamp.com/track/cloutchaser-longer-wav,
ccii,i-wish-that-i-could-fall#demo,I_WISH_THAT_I_COULD_FALL_DEMO,i wish that i could fall wip 1.mp3,z_pFPjN2Rvc,C6C6C6,,0:44,Alt Tab,Demo,grayscale,ccii.png,,4,10/05/2024,Jamie Paige,,,,,Bandcamp,https://jamiepaige.bandcamp.com/track/i-wish-that-i-could-fall-wip-1-mp3,
ccii,cadmium-colors#demo,CADMIUM_COLORS_DEMO,cadmium colors.mp3,luLwdVSwfCo,C6C6C6,,0:32,Alt Tab,Demo,grayscale,ccii.png,,5,10/05/2024,Jamie Paige,,,,,Bandcamp,https://jamiepaige.bandcamp.com/track/cadmium-colors-mp3,
ccii,breeze-blows#demo,BREEZE_BLOWS_DEMO,rolling sandwave (breeze blows) wippy 1.mp3,,C6C6C6,,0:59,Alt Tab,Demo,grayscale,ccii.png,,6,10/05/2024,Jamie Paige,,,,,Bandcamp,https://jamiepaige.bandcamp.com/track/rolling-sandwave-breeze-blows-wippy-1-mp3,
ccii,aggrandicize#demo,AGGRANDICIZE_DEMO,oh my god its dumb and its has Strangs.mp3 / aggrandicize wip 1.mp3,F0C5g5JUGdA,C6C6C6,,1:28,Alt Tab,Demo,grayscale,ccii.png,,7,10/05/2024,Jamie Paige,,,,,Bandcamp,https://jamiepaige.bandcamp.com/track/oh-my-god-its-dumb-and-its-has-strangs-mp3-aggrandicize-wip-1-mp3,
ccii,liaison#demo,LIAISON_DEMO,fantasize wip 1.mp3 / liaison wip 1.mp3,J8jkV5quQ_s,C6C6C6,,1:10,Alt Tab,Demo,grayscale,ccii.png,,8,10/05/2024,Jamie Paige,,,,,Bandcamp,https://jamiepaige.bandcamp.com/track/fantasize-wip-1-mp3-liaison-wip-1-mp3,
ccii,object-of-affection#demo,OBJECT_OF_AFFECTION_DEMO,object of affection wip 1.mp3,eJQxJZZ-IeI,C6C6C6,,0:44,Alt Tab,Demo,grayscale,ccii.png,,9,10/05/2024,Jamie Paige,,,,,Bandcamp,https://jamiepaige.bandcamp.com/track/object-of-affection-wip-1-mp3,
ccii,my-darling-my-companion#demo,MY_DARLING_MY_COMPANION_DEMO,constant wip1.mp3 / im just a vessel i didnt mean to flex on you bro im just a vessel.mp3 / hathaway.mp3,fcu4JdVGMZI,C6C6C6,,1:37,Alt Tab,Demo,grayscale,ccii.png,Album,10,10/05/2024,Jamie Paige,,,,,Bandcamp,https://jamiepaige.bandcamp.com/track/constant-wip1-mp3-im-just-a-vessel-i-didnt-mean-to-flex-on-you-bro-im-just-a-vessel-mp3-hathaway-mp3,
ccii,machine-love#demo,MACHINE_LOVE_DEMO,machine love.mp3,9Ff_N03K0HA,C6C6C6,,0:31,Alt Tab,Demo,grayscale,ccii.png,Album,11,10/05/2024,Jamie Paige,Kasane Teto Synthesizer V1,,,,Bandcamp,https://jamiepaige.bandcamp.com/track/machine-love-mp3,
,virtue,VIRTUE,Virtue,am4p_K-O0uc,FFFFFF,Singles,,,,default,virtue.jpg,Single,,TBD,Jamie Paige,,,,,,,
,encore,ENCORE,Encore,1pq8Rruof7E,FFFFFF,Singles,,,,default,encore.jpg,Single,,TBD,Jamie Paige,,,,,,,
,women-wrestling,WOMEN_WRESTLING,:women_wrestling:,AMEmL5x9MXE,FFFFFF,Singles,,,,default,ww.jpg | wwunbeatable.png,Single | Content Companion,,11/4/2022 - Single | 7/27/2026 - unbeatable,Jamie Paige,,,,,,,
,ebi,EBI,エビチャーハン! (You’re Telling Me A SHRIMP Fried This Rice?!),s742C0v5SFI,FFFFFF,Singles,,Main Tab,Original,default,ebi.jpg,Single,,TBD,Jamie Paige,,,,,,,
,hope-cafe,HOPE_CAFE,Hope Café,5QKi11_Y6Vc,FFFFFF,Singles,,,,default,hc.jpg,Single,,TBD,Jamie Paige,,,,,,,
,fire,FIRE,FIRE!!!,yZkPe7TEuyk,FFFFFF,Singles,,,,default,fire.png | ddoll.jpg,Single | DAEMON/DOLL,,TBD,Jamie Paige,,,,,,,
,radiant-revival,RADIANT_REVIVAL,Radiant Revival,aoD1ViXjmW8,FFFFFF,Singles,,,,default,rr.jpeg | dsc2025.jpg,Single | Digital Stars 2025,,07/10/2025 - Theme Song | 09/05/2025 - HATSUNE MIKU Digital Stars 2025 Compilation,Jamie Paige | ODDEEO - guitar,Hatsune Miku V4,,,,YouTube - MV | YouTube - Topic | Niconico | bilibili,https://youtu.be/qHU3hf1b8NY | https://youtu.be/aoD1ViXjmW8 | https://www.nicovideo.jp/watch/so45096694 | https://www.bilibili.com/video/BV1cHMjzQEAo,
,little-secret,LITTLE_SECRET,Little Secret,,FFFFFF,Singles,,,,default,lscorrupted.png | vvjp.png,unbeatable | Vocaverse,,TBD,Jamie Paige,,,,,,,
,square-up,SQUARE_UP,SQUARE UP,0ZVFAkdRMRY,FFFFFF,Singles,,Main Tab,Original,default,su.png,BREAKOUT,,TBD,Jamie Paige,,,,,,,
,rot,ROT,ROT,,,Apple's Eye,,,,default,rot.png,Single,,09/04/2026,Apple's Eye,Yuma Synthesizer V,,,,YouTube,https://youtu.be/rAl2cZzcPhw,
,love-taste,LOVE_TASTE,Love Taste,sWbD5q769Ms,FFFFFF,Features and Collaborations,,Main Tab,Original,default,lt.jpg,Single,,TBD,Jamie Paige,,,,,,,
,matryoshka-club-mix,MATRYOSHKA_CLUB_MIX,Matryoshka (Club Mix),LfmbUfkOR0w,FFFFFF,Features and Collaborations,,,,default,matryoshka.png,Single,,TBD,Jamie Paige,,,,,,,
,ghostride-my-bad-emotions,GHOSTRIDE_MY_BAD_EMOTIONS,Ghostride My Bad Emotions,,FFFFFF,Features and Collaborations,,,,default,acs.png,Single,,TBD,Jamie Paige,,,,,,,
,annihilation-waltz,ANNIHILATION_WALTZ,Annihilation Waltz,TiQXhgBHdB0,FFFFFF,Features and Collaborations,,,,default,aw.jpg,Single,,TBD,Jamie Paige,,,,,,,
,ride,RIDE,Ride,rzeF30Q5ZjY,FFFFFF,Features and Collaborations,,,,default,ride.jpg,Single,,TBD,Jamie Paige,,,,,,,
,love-renewed,LOVE_RENEWED,Love Renewed,L-rgR0JlnoY,FFFFFF,Features and Collaborations,,,,default,lr.jpg,Single,,TBD,Jamie Paige,,,,,,,
,take-it-away,TAKE_IT_AWAY,Take it Away,pQ4c_Pkq-Eg,FFFFFF,Features and Collaborations,,,,default,tia.jpg,Single,,TBD,Jamie Paige,,,,,,,
,newly-human-feeling,NEWLY_HUMAN_FEELING,Newly Human Feeling,4YymJMmY4tQ,FFFFFF,Features and Collaborations,,,,default,evoevo.jpg,Single,,TBD,Jamie Paige,,,,,,,
,on-the-wind,ON_THE_WIND,ON THE WIND,JEoNio-s0DM,FFFFFF,Features and Collaborations,,,,default,otw.jpg | srid.png,Single | SPACE RANGER I: DISCOVERY,,TBD,Jamie Paige,,,,,,,
ff2,static,STATIC,Static,QZkpBObLYzY,FFFFFF,,,,,default,static.jpg,Album,1,TBD,Jamie Paige,,,,,Music Links Here,,
ff2,spoken-for,SPOKEN_FOR,Spoken For,WT40PbrSRnk,FFFFFF,,,,,default,sf.png,Album,2,TBD,Jamie Paige,,,,,YouTube - Topic | Spotify | Apple Music | ,,
ff2,human,HUMAN,Human,IFlQe7idIVA,FFFFFF,,,,,default,human.png,Album,3,TBD,Jamie Paige,,,,,Music Links Here,,
,connect-commune,CONNECT_COMMUNE,CONNECT:COMMUNE,WuJQuOUJD1M,FFFFFF,FLAVOR FOLEY,,,,default,ccommune.jpg,Single,,TBD,Jamie Paige,,,,,Music Links Here,,
ff2,ego-renegade-boy,EGO_RENEGADE_BOY,Ego Renegade boy,qdlD5a9umzg,FFFFFF,,,,,default,erb.png,Album,4,TBD,Jamie Paige,,,,,Music Links Here,,
ff2,streetcat,STREETCAT,streetcat,uRKmFMFUfYU,6F4D9D,,,,,default,sc.png,Album,5,TBD,Jamie Paige,,,,,Music Links Here,,
,ewz,ELECTRIC_WEEKEND_ZONE,ELECTRIC WEEKEND ZONE,,FFFFFF,FLAVOR FOLEY,,,,default,ewz.jpg,Single,,TBD,Jamie Paige,,,,,,,
,,RIDE_ON_TIME,Ride on Time (Jamie Paige Arrange),,FFFFFF,,,,,default,,,,,,,,,,,,
vvpj,rot-for-clout#clouttrain,CLOUTTRAIN,Clouttrain,,FFFFFF,,,Alt Tab,Clouttrain,default,,,,,,,,,,,,
uso-no-kanaekata | teto-sonic,we-stay,WE_STAY,We Stay,oEaoZbFbkU8,FFFFFF,,,,,default,,,,4/01/2026 ,https://open.spotify.com/track/2hjxBEUm1lALTXjAM0MQQG | https://music.apple.com/au/song/we-stay/1889063523,,,,,YouTube - Topic | Spotify | Apple Music | ,,
harmonie,nothing-ever,NOTHING_EVER,Nothing Ever,foHVL5Sa79Q,FFFFFF,,,,,default,nothingevercorrupted.png | harmonie.jpg,Corrupted | HARMONIE,1 | ,4/25/2026 - HARMONIE | 7/27/2026 - Content Companion,,,,,,,,
,,SATURN_MISSILE,Saturn Missile,,FFFFFF,,,,,default,,,,,,,,,,,,
pamiejaige,,PROTEGE,"Protégé (JamieP ""Kain Will Die"" Edit)",,FFFFFF,,,,,default,,,,2/15/2026,,,,,,SoundCloud,,
,,BIRDBRAIN_UNBEATABLE,BIDBRAIN (UNBEATABLE Ver),,FFFFFF,,,,,default,,,,7/27/2026,,,,,,,,
,,ROT_FOR_CLOUT_UNBEATABLE,ROT FOR CLOUT (UNBEATABLE Ver),,FFFFFF,,,,,default,,,,7/27/2026,,,,,,,,
pamiejaige,,CLOSE_TALKER,close talker cover,,FFFFFF,,,,,default,,,,4/10/2022,,,,,,,,
pamiejaige,,ALLY_BREAKBEAT,ally but before i put a breakbeat on it,,FFFFFF,,,Alt Tab,Breakbeat,default,,,,4/10/2022,,,,,,SoundCloud,,
pamiejaige,,LEAF_CRUSHED_BY_A_BOOT,leaf crushed by a boot,,FFFFFF,,,,,default,,,,4/10/2022,,,,,,SoundCloud,,
pamiejaige,,THIS_LOVE,this love,,FFFFFF,,,,,default,,,,4/10/2022,,,,,,SoundCloud,,
pamiejaige,,FANTASIZE_SOUNDCLOUD,fantasize,,FFFFFF,,,,,default,,,,4/10/2022,,,,,,SoundCloud,,
pamiejaige,,TO_THE_EDGE,to the edge cover,,FFFFFF,,,,,default,,,,4/10/2022,,,,,,SoundCloud,,
pamiejaige,,GENTLE_HEART_NO_DRUMS,gentle heart no drums,,FFFFFF,,,,,default,,,,4/10/2022,,,,,,SoundCloud,,
pamiejaige,,NEGATIVE_AFFIRMATIONS,negative affirmations with jamie paige,,FFFFFF,,,,,default,,,,4/10/2022,,,,,,SoundCloud,,
pamiejaige,,RUNNING_IN_THE_FUCKING_90S,running in the fucking 90s,,FFFFFF,,,,,default,,,,4/10/2022,,,,,,SoundCloud,https://soundcloud.com/pamiejaige/running-in-the-fucking-90s,
pamiejaige,,NAOMI_RMX,naomi rmx,,FFFFFF,,,,,default,,,,4/10/2022,,,,,,SoundCloud,https://soundcloud.com/pamiejaige/naomi-rmx,
pamiejaige,,THATS_MY_DAD,that's my dad!,,FFFFFF,,,,,default,,,,,,,,,,SoundCloud,https://soundcloud.com/pamiejaige,
pamiejaige,,LOVE_SOUNDCLOUD,love....,,FFFFFF,,,,,default,,,,6/18/2024,,,,,,SoundCloud,https://soundcloud.com/pamiejaige/love,
pamiejaige,,LIL_PP,lil pp,,FFFFFF,,,,,default,,,,5/06/2026,,,,,,SoundCloud,https://soundcloud.com/pamiejaige/lilpp,
pamiejaige,,PLINK_PLONK,plink plonk,,FFFFFF,,,,,default,,,,5/06/2026,,,,,,SoundCloud,https://soundcloud.com/pamiejaige/plink-plonk,
pamiejaige,,EVIL_LOOP,evil loop,,FFFFFF,,,,,default,,,,5/06/2026,,,,,,SoundCloud,https://soundcloud.com/pamiejaige/evil-loop,
pamiejaige,,OK_FINE_WHATEVER,ok fine whatever,,FFFFFF,,,,,default,,,,5/06/2026,,Po-uta,,,,SoundCloud,https://soundcloud.com/pamiejaige/ok-fine-whatever,
pamiejaige,,SEVENFOUR,sevenfour,,FFFFFF,,,,,default,,,,5/06/2026,,,,,,SoundCloud,https://soundcloud.com/pamiejaige/sevenfour,
pamiejaige,,NOTYET,notyet,,FFFFFF,,,,,default,,,,5/06/2026,,,,,,SoundCloud,https://soundcloud.com/pamiejaige/notyet,
pamiejaige,,TAG_DAMN_JAMIE,"tag (damn jamie, this shit sucks)",,FFFFFF,,,,,default,,,,5/06/2026,,,,,,SoundCloud,https://soundcloud.com/pamiejaige/tag,
pamiejaige,,QUAIL_DOVES_KESTRELS,march of the quail-doves / dance of the kestrels,,FFFFFF,,,,,default,,,,5/06/2026,,,,,,SoundCloud,https://soundcloud.com/pamiejaige/march-of-the-quail-doves-dance-of-the-kestrels,
pamiejaige,,CHINESE_RUAN_MOON_GUITAR,Chinese Ruan Moon Guitar,,FFFFFF,,,,,default,,,,5/16/2026,,,,,,SoundCloud,https://soundcloud.com/pamiejaige/chinese-ruan-moon-guitar,
pamiejaige,,THE_PEACE_VOCAL_CHOPS_SYNTHV,the peace's vocal chops except its all in synthv,,FFFFFF,,,,,default,,,,5/16/2026,,,,,,SoundCloud,https://soundcloud.com/pamiejaige/the-peaces-vocal-chops-except,
pamiejaige,,SLURMBRAIN,slurmbrain,,FFFFFF,,,,,default,,,,5/16/2026,,,,,,SoundCloud,https://soundcloud.com/pamiejaige/slurmbrain,
pamiejaige,,TETOBOY,tetoboy,,FFFFFF,,,,,default,,,,5/16/2026,,,,,,SoundCloud,https://soundcloud.com/pamiejaige/tetoboy,
pamiejaige,,MUSHROOM_FARMER,mushroom farmer,,FFFFFF,,,,,default,,,,5/16/2026,,,,,,SoundCloud,https://soundcloud.com/pamiejaige/mushroom-farmer,
pamiejaige,,HEADASS,headass,,FFFFFF,,,,,default,,,,5/16/2026,,,,,,SoundCloud,https://soundcloud.com/pamiejaige/headass,
pamiejaige,,DGTKCHOP,dgtkchop,,FFFFFF,,,,,default,,,,5/16/2026,,,,,,SoundCloud,https://soundcloud.com/pamiejaige/dgtkchop,
pamiejaige,,IM_FUCKING_APHEX_TWIN,somehow i already had a file named look at me im fucking aphex twin,,FFFFFF,,,,,default,,,,5/16/2026,,,,,,SoundCloud,https://soundcloud.com/pamiejaige/somehow-i-already-had-a-file,
pamiejaige,,I_FUCKING_HATE_MUSIC,I fucking hate music,,FFFFFF,,,,,default,,,,5/16/2026,,,,,,SoundCloud,https://soundcloud.com/pamiejaige/i-fucking-hate-music,
pamiejaige | social,,MELTDOWN_WOMEN_WRESTLING_DRUMS,meltdown but with the drums from :women_wrestling: on it,,FFFFFF,,,,,default,,,,5/16/2026,,,,,,SoundCloud,https://soundcloud.com/pamiejaige/meltdown-but-with-the-drums,
pamiejaige,,LIEGE_LORD,liege lord,,FFFFFF,,,,,default,,,,5/16/2026,,,,,,SoundCloud,https://soundcloud.com/pamiejaige/liege-lord,
pamiejaige | social,,GOOD_LUCK_PUDGY_PUK,good luck pudgy puk!,,FFFFFF,,,,,default,,,,5/16/2026,,,,,,SoundCloud,https://soundcloud.com/pamiejaige/good-luck-pudgy-puk,
ds2021-compilation,happy-synthesizer,HAPPY_SYNTHESIZER,Happy Synthesizer (Jamie Paige Remix),,FFFFFF,,,,,default,,,,,,,,,,,,
jpjp3,,NOW_BOOTING,now booting...,,FFFFFF,,,,,default,,,,3/16/2024,,,,,,,,
social,po-uta-demo,PO_UTA_DEMO,Po-uta Demo,,FFFFFF,,,,,default,,,,,,,,,,,,
ds2021,hold-me-tightly#2021,HOLD_ME_TIGHTLY_2021,hold me tightly (2021 version),vtJ6cJTAyyI,FFFFFF,,,Alt Tab,2021,default,,,,,,,,,,,,
,,,,,,,,,,default,,,,,,,,,,,,