Path,Page Title,Song Length,Alt Tab Status?,Alt Tab Name,Theme,Album Art,Cover Art Labels,album_id,track number,Appears on Text,appears_on_enabled,Release Date,release_date_enabled,Artists,artists_enabled,Vocalists,vocalists_enabled,Listen Text,Listen Links,listen_enabled,Close Up,close_up_enabled
aa/decree.html,Decree,,,,aa,aa.png,Album,aa,1,"1/9 - Anew, Again",TRUE,04/16/2016,TRUE,Jamie Paige,TRUE,,FALSE,Bandcamp | SoundCloud | YouTube - Topic | Spotify | Apple Music,https://jamiepaige.bandcamp.com/track/decree | https://on.soundcloud.com/dssFkRfKyghceVfCgF | https://youtu.be/HDZ6osLVxZE | https://open.spotify.com/track/1VnwGXfk8QTetKpRT4Bq08 | https://music.apple.com/us/song/decree/1119933460,TRUE,,FALSE
aa/space-center.html,Space Center,,,,aa,aa.png,Album,aa,2,"Anew, Again - 2/9",TRUE,04/16/2016,TRUE,Jamie Paige,TRUE,,FALSE,Bandcamp | YouTube - Topic | Spotify | Apple Music,https://jamiepaige.bandcamp.com/track/space-center | https://youtu.be/3QtK39spo7A | https://open.spotify.com/track/7MH1r1RRDolShe1QqCZDeL | https://music.apple.com/us/song/space-center/1119933461,TRUE,,FALSE
aa/skygirl.html,Skygirl,,,,aa,aa.png,Album,aa,3,"Anew, Again - 3/9",TRUE,04/16/2016,TRUE,Jamie Paige,TRUE,,FALSE,Bandcamp | YouTube - Topic | Spotify | Apple Music,https://jamiepaige.bandcamp.com/track/skygirl | https://youtu.be/QFvhifQKKy8 | https://open.spotify.com/track/59nXgVCJRDNZwY1WfOL4vS | https://music.apple.com/us/song/skygirl/1119933462,TRUE,,FALSE
aa/imaginary-effervescent.html,"Imaginary, Effervescent",,,,aa,aa.png,Album,aa,4,"Anew, Again - 4/9",TRUE,04/16/2016,TRUE,Jamie Paige,TRUE,,FALSE,Bandcamp | SoundCloud | YouTube - Topic | Spotify | Apple Music,https://jamiepaige.bandcamp.com/track/imaginary-effervescent | https://soundcloud.com/jamieirl/imaginary-effervescent-anew-again-acapellas-and-instrumentals-in-description | https://youtu.be/Pa37clNloS8 | https://open.spotify.com/track/4014HgCJhx0k9GAGVzc7f0 | https://music.apple.com/us/song/imaginary-effervescent/1119933463,TRUE,,FALSE
aa/adelaide-delays.html,Adelaide Delays (feat. Natbird & Marcy Nabors),,,,aa,aa.png,Album,aa,5,"Anew, Again - 5/9",TRUE,04/16/2016,TRUE,Jamie Paige,TRUE,,FALSE,Bandcamp | YouTube - Topic | Spotify | Apple Music,https://jamiepaige.bandcamp.com/track/adelaide-delays-feat-natbird-marcy-nabors | https://youtu.be/Wmlp3hiD6QA | https://open.spotify.com/track/1BPK3ky2B4ltRbxLPciVfB | https://music.apple.com/us/song/adelaide-delays-feat-natbird-marcy-nabors/1119933464,TRUE,,FALSE
aa/song-for-jijo.html,Song for Jijo,,,,aa,aa.png,Album,aa,6,"Anew, Again - 6/9",TRUE,04/16/2016,TRUE,Jamie Paige,TRUE,,FALSE,Bandcamp | YouTube - Topic | Spotify | Apple Music,https://jamiepaige.bandcamp.com/track/song-for-jijo | https://youtu.be/msyAeMUtmFc | https://open.spotify.com/track/35zZ9DSTwD9zpEUGqc2tNk | https://music.apple.com/us/song/song-for-jijo/1119933468,TRUE,,FALSE
aa/grand-restore.html,Grand Restore (feat. Marcy Nabors & GUMI English),,,,gr,gr.jpg | aa.png,Single | Album,aa,7,"Anew, Again - 7/9",TRUE,04/16/2016,TRUE,Jamie Paige,TRUE,,FALSE,Bandcamp | SoundCloud | YouTube - Topic | Spotify | Apple Music,https://jamiepaige.bandcamp.com/track/grand-restore-feat-marcy-nabors-gumi-english | https://soundcloud.com/jamieirl/grand-restore-feat-marcy-nabors-gumi-english | https://youtu.be/-yH6wwLtxnY | https://open.spotify.com/track/4pKUs7uyRRgtj11JvbFK98 | https://music.apple.com/us/song/grand-restore-feat-marcy-nabors/1119933469,TRUE,,FALSE
aa/space-center-pt-2.html,Space Center [pt. 2],,,,aa,aa.png,Album,aa,8,"Anew, Again - 8/9",TRUE,04/16/2016,TRUE,Jamie Paige,TRUE,,FALSE,Bandcamp | YouTube - Topic | Spotify | Apple Music,https://jamiepaige.bandcamp.com/track/space-center-pt-2 | https://youtu.be/ql4DEQMondE | https://open.spotify.com/track/62wLbTkq5OFBgkDMKNdcsX | https://music.apple.com/us/song/space-center-pt-2/1119933470,TRUE,,FALSE
aa/good-time-lead-line.html,"Good Time, Lead Line",,,,aa,aa.png,Album,aa,9,"Anew, Again - 9/9",TRUE,04/16/2016,TRUE,Jamie Paige,TRUE,,FALSE,Bandcamp | YouTube - Topic | Spotify | Apple Music,https://jamiepaige.bandcamp.com/track/good-time-lead-line | https://youtu.be/ql4DEQMondE | https://open.spotify.com/track/6n2sC44NyeL8MAFjJdeQUR | https://music.apple.com/us/song/good-time-lead-line/1119933471,TRUE,,FALSE
aed/automated-answering-service.html,Automated Answering Service,,,,aed,aed.png,Album,aed,1,Autumn Every Day - 1/13,TRUE,09/22/2017,TRUE,Jamie Paige,TRUE,,FALSE,Bandcamp | YouTube - Topic | Spotify | Apple Music,https://jamiepaige.bandcamp.com/track/automated-answering-service | https://youtu.be/S3T9IMfoTdE | https://open.spotify.com/track/1nE0gPt5GpmJroQxqm6bVH | https://music.apple.com/us/song/automated-answering-machine/1362736289,TRUE,,FALSE
aed/a-repetition.html,A Repetition,,,,aed,aed.png,Album,aed,2,Autumn Every Day - 2/13,TRUE,09/22/2017,TRUE,Jamie Paige,TRUE,,FALSE,Bandcamp | SoundCloud | YouTube - Topic | Spotify | Apple Music,https://jamiepaige.bandcamp.com/track/a-repetition | https://soundcloud.com/jamieirl/a-repetition | https://youtu.be/lu6ERpeHU9c | https://open.spotify.com/track/1uZr58N7ZjWq39ZlLdVVuS | https://music.apple.com/us/song/a-repetition/1362736290,TRUE,,FALSE
aed/to-atlantis.html,To Atlantis,,,,aed,aed.png,Album,aed,3,Autumn Every Day - 3/13,TRUE,09/22/2017,TRUE,Jamie Paige,TRUE,,FALSE,Bandcamp | SoundCloud | YouTube - Topic | Spotify | Apple Music,https://jamiepaige.bandcamp.com/track/to-atlantis-2 | https://soundcloud.com/jamieirl/to-atlantis | https://youtu.be/kDHWcv0whNY | https://open.spotify.com/track/6Bcmy7JYOpCjWkB9aqLbOU | https://music.apple.com/us/song/to-atlantis/1362736291,TRUE,View Close-up,TRUE
aed/its-2013-again.html,It's 2013 Again,,,,aed,aed.png,Album,aed | jpjp3,4 | 3,Autumn Every Day - 4/13,TRUE,09/22/2017,TRUE,Jamie Paige,TRUE,,FALSE,Bandcamp | SoundCloud | YouTube - Topic | Spotify | Apple Music,https://jamiepaige.bandcamp.com/track/its-2013-again-feat-oddeeo | https://soundcloud.com/jamieirl/its-2013-again-feat-oddeeo | https://youtu.be/IIM_-lvemOI | https://open.spotify.com/track/560i70Fv3AJa2FmrwmR2r7 | https://music.apple.com/us/song/its-2013-again-feat-oddeeo/1362736292,TRUE,,FALSE
aed/too-much-autotune.html,Too Much Autotune,,,,aed,aed.png,Album,aed,5,Autumn Every Day - 5/13,TRUE,09/22/2017,TRUE,Jamie Paige,TRUE,,FALSE,Bandcamp | SoundCloud | YouTube - Topic | Spotify | Apple Music,https://jamiepaige.bandcamp.com/track/too-much-autotune | https://soundcloud.com/jamieirl/too-much-autotune-1 | https://youtu.be/c31Q6JVun_c | https://open.spotify.com/track/0LmWtinCvCmo6P310RM5mC | https://music.apple.com/us/song/too-much-autotune/1362736293,TRUE,,FALSE
aed/special-days.html,Special Days,,,,sd,sd.png | aed.png,Single | Album,aed,6,Autumn Every Day - 6/13,TRUE,02/19/2017,TRUE,Jamie Paige,TRUE,,FALSE,Bandcamp | SoundCloud | YouTube - Topic | Spotify | Apple Music,https://jamiepaige.bandcamp.com/track/special-days | https://soundcloud.com/jamieirl/special-days | https://youtu.be/e3bMsygBZP4 | https://open.spotify.com/track/6ajEggtON5g3OVUqzNeI2P | https://music.apple.com/us/song/special-days/1362736294,TRUE,,FALSE
aed/amelie.html,Amélie,,,,aed,aed.png,Album,aed,7,Autumn Every Day - 7/13,TRUE,09/22/2017,TRUE,Jamie Paige,TRUE,,FALSE,Bandcamp | SoundCloud | Spotify | Apple Music,https://jamiepaige.bandcamp.com/track/am-lie | https://youtu.be/-938cNPfNcA | https://open.spotify.com/track/3kxGOjG0CVtQRVQvl1dT9d | https://music.apple.com/us/song/am%C3%A9lie/1362736295,TRUE,,FALSE
aed/secret-girlfriend.html,Secret Girlfriend,,,,aed,aed.png,Album,aed,8,Autumn Every Day - 8/13,TRUE,09/22/2017,TRUE,Jamie Paige,TRUE,,FALSE,Bandcamp | SoundCloud,https://jamiepaige.bandcamp.com/track/secret-girlfriend | https://soundcloud.com/jamieirl/secret-girlfriend,TRUE,,FALSE
aed/bizarre-love-triangle.html,Bizarre Love Triangle,,,,aed,aed.png,Album,aed,9,Autumn Every Day - 9/13,TRUE,20XX,TRUE,Jamie Paige,TRUE,,FALSE,Music Links Here,,TRUE,View Close-up,TRUE
aed/pass.html,Pass,,,,aed,aed.png,Album,aed,10,Autumn Every Day - 10/13,TRUE,20XX,TRUE,Jamie Paige,TRUE,,FALSE,Music Links Here,,TRUE,View Close-up,TRUE
aed/honor-majesty.html,Honor Majesty,,,,aed,aed.png,Album,aed,11,Autumn Every Day - 11/13,TRUE,20XX,TRUE,Jamie Paige,TRUE,,FALSE,Music Links Here,,TRUE,View Close-up,TRUE
aed/autumn-every-day.html,Autumn Every Day,,,,aed,aed.png,Album,aed,12,Autumn Every Day - 12/13,TRUE,20XX,TRUE,Jamie Paige,TRUE,,FALSE,Music Links Here,,TRUE,View Close-up,TRUE
aed/hold-me-tightly.html,Hold Me Tightly,,,,hmt,hmt.jpg | aed.png,Single | Album,aed,13,Autumn Every Day - 13/13,TRUE,20XX,TRUE,Jamie Paige,TRUE,,FALSE,Music Links Here,,TRUE,View Close-up,TRUE
bs/second-hello.html,Second Hello,,,,bs,bs.png,Album,bs,1,1/11 - Bittersweet,TRUE,11/12/2021,TRUE,Jamie Paige,TRUE,Jamie Paige,TRUE,Bandcamp | YouTube - Topic | SoundCloud | Spotify | Apple Music,https://jamiepaige.bandcamp.com/track/second-hello | https://youtu.be/0CG_dtKnboY | https://soundcloud.com/jamieirl/second-hello | https://open.spotify.com/track/44Ywfau16JgO76NISHVfX3 | https://music.apple.com/us/song/second-hello/1590580438,TRUE,View Close-up=https://x.com/pamiejaige/status/1459563017289535489?s=20,TRUE
bs/gentle-heart.html,Gentle Heart,,,,bs,bs.png,Album,bs,2,2/11 - Bittersweet,TRUE,11/12/2021,TRUE,Jamie Paige,TRUE,Jamie Paige | GUMI V3 English (backing),TRUE,Bandcamp | YouTube - Topic | SoundCloud | Spotify | Apple Music,https://jamiepaige.bandcamp.com/track/gentle-heart | https://youtu.be/GmO5TAz1NIY | https://soundcloud.com/jamieirl/gentle-heart | https://open.spotify.com/track/1o32nNu3QfmLMOHOhBtcAl | https://music.apple.com/us/song/gentle-heart/1590580439,TRUE,View Close-up=https://x.com/pamiejaige/status/1459948265663782915,TRUE
bs/asemic-speech.html,Asemic Speech,,,,as,as.png | bs.png,Single | Album,bs,3,3/11 - Bittersweet,TRUE,10/29/2021 - Single | 11/12/2021 - Bittersweet,TRUE,Jamie Paige | telebasher - Guitar,TRUE,Jamie Paige | GUMI V3 English (backing),TRUE,Bandcamp | YouTube - Topic (Single) | YouTube - Topic (Album) | SoundCloud | Spotify (Single) | Spotify (Album) | Apple Music (Single) | Apple Music (Album),https://jamiepaige.bandcamp.com/track/asemic-speech-feat-telebasher | https://youtu.be/Q369fAeXuFY | https://youtu.be/JrBOCt4D7FM | https://soundcloud.com/jamieirl/asemic-speech-feat-telebasher | https://open.spotify.com/track/3nsfeB6nU63nKYIQM1yyCk | https://open.spotify.com/track/1gDoymD0iff6FTMmuxIEpp | https://music.apple.com/us/song/asemic-speech-feat-telebasher/1590194682 | https://music.apple.com/us/song/asemic-speech-feat-telebasher/1590580440,TRUE,View Close-up=https://twitter.com/pamiejaige/status/1460330166916460544,TRUE
bs/nothing-with-you.html,Nothing (with you),,,,bs,bs.png,Album,bs,4,4/11 - Bittersweet,TRUE,11/12/2021,TRUE,Jamie Paige,TRUE,Jamie Paige | GUMI V3 English | Microsoft Sam,TRUE,Bandcamp | YouTube - Topic | SoundCloud | Spotify | Apple Music,https://jamiepaige.bandcamp.com/track/nothing-with-you | https://youtu.be/muY-3Ot8Vcs | https://soundcloud.com/jamieirl/nothing-with-you | https://open.spotify.com/track/0hSucwA3mTvIHmiC0vWWLb | https://music.apple.com/us/song/nothing-with-you/1590580441,TRUE,View Close-up=https://x.com/pamiejaige/status/1461052496793661441,TRUE
bs/paisley-patterns.html,Paisley Patterns,,,,bs,bs.png,Album,bs,5,5/11 - Bittersweet,TRUE,11/12/2021,TRUE,Jamie Paige,TRUE,Jamie Paige,TRUE,Bandcamp | YouTube - Topic | SoundCloud | Spotify | Apple Music,https://jamiepaige.bandcamp.com/track/paisley-patterns | https://youtu.be/qeWlNVGzJaI | https://soundcloud.com/jamieirl/paisley-patterns | https://open.spotify.com/track/7hLosRmEdrOZszBpNENl4t | https://music.apple.com/us/song/paisley-patterns/1590580442,TRUE,View Close-up=https://x.com/pamiejaige/status/1461393184005640203,TRUE
bs/gummyworm.html,Gummyworm,,,,bs,bs.png,Album,bs,6,6/11 - Bittersweet,TRUE,11/12/2021,TRUE,Jamie Paige,TRUE,Jamie Paige | GUMI V3 English (backing),TRUE,Bandcamp | YouTube - Topic | SoundCloud | Spotify | Apple Music,https://jamiepaige.bandcamp.com/track/gummyworm | https://youtu.be/1SLftouEUL4 | https://soundcloud.com/jamieirl/gummyworm | https://open.spotify.com/track/3vRc8zh4qIgte2x2OiNM3O | https://music.apple.com/us/song/gummyworm/1590580443,TRUE,View Close-up=https://x.com/pamiejaige/status/1461765870242320387,TRUE
bs/greatsword-love-as-fire.html,Greatsword / Love as Fire,,,,bs,bs.png,Album,bs,7,7/11 - Bittersweet,TRUE,11/12/2021,TRUE,Jamie Paige,TRUE,Jamie Paige,TRUE,Bandcamp | YouTube - Topic | SoundCloud | Spotify | Apple Music,https://jamiepaige.bandcamp.com/track/greatsword-love-as-fire | https://youtu.be/CfOt7c8KRgo | https://soundcloud.com/jamieirl/greatsword-love-as-fire | https://open.spotify.com/track/0CiB0MeKlQ3XGgjykYswwc | https://music.apple.com/us/song/greatsword-love-as-fire/1590580444,TRUE,View Close-up=https://x.com/pamiejaige/status/1462131382910521351?s=20,TRUE
bs/ally.html,Ally,,,,bs,bs.png,Album,bs,8,8/11 - Bittersweet,TRUE,11/12/2021,TRUE,Jamie Paige,TRUE,Jamie Paige | GUMI V3 English,TRUE,Bandcamp | YouTube - Topic | SoundCloud | Spotify | Apple Music,https://jamiepaige.bandcamp.com/track/ally | https://youtu.be/vlq_qt7jpJg | https://soundcloud.com/jamieirl/ally | https://open.spotify.com/track/3xaQfo26tFgdEgLwuD4XBc | https://music.apple.com/us/song/ally/1590580445,TRUE,View Close-up=https://x.com/pamiejaige/status/1462488576541663233,TRUE
bs/ballroom.html,Ballroom,,,,bs,bs.png,Album,bs,9,9/11 - Bittersweet,TRUE,11/12/2021,TRUE,Jamie Paige,TRUE,Jamie Paige | GUMI V3 English (backing),TRUE,Bandcamp | YouTube - Topic | SoundCloud | Spotify | Apple Music,https://jamiepaige.bandcamp.com/track/ballroom-feat-marcy-nabors | https://youtu.be/NQm_cQHXFSs | https://soundcloud.com/jamieirl/ballroom-feat-marcy-nabors | https://open.spotify.com/track/0rtsvpE8TCk7MHrYQacklk | https://music.apple.com/us/song/ballroom-feat-marcy-nabors/1590580806,TRUE,View Close-up=https://x.com/pamiejaige/status/1462838050162020358,TRUE
bs/bittersweet.html,Bittersweet,,,,bs,bs.png,Album,bs,10,10/11 - Bittersweet,TRUE,11/12/2021,TRUE,Jamie Paige,TRUE,,FALSE,Bandcamp | YouTube - Topic | SoundCloud | Spotify | Apple Music,https://jamiepaige.bandcamp.com/track/bittersweet | https://youtu.be/NaXTfaiSGQ0 | https://soundcloud.com/jamieirl/bittersweet | https://open.spotify.com/track/71rDWOtEHEfHh18o09banx | https://music.apple.com/us/song/bittersweet/1590580807,TRUE,View Close-up=https://x.com/pamiejaige/status/1463215705222828037,TRUE
bs/close.html,Close,,,,bs,bs.png,Album,bs,11,11/11 - Bittersweet,TRUE,11/12/2021,TRUE,Jamie Paige | Bluffy | Mattmatatt (Guitar),TRUE,Jamie Paige | Bluffy,TRUE,Bandcamp | YouTube - Topic | SoundCloud | Spotify | Apple Music,https://jamiepaige.bandcamp.com/track/close-feat-bluffy-mattmatatt | https://youtu.be/kEVpnE0LzQw | https://soundcloud.com/jamieirl/close-feat-bluffy-mattmatatt | https://open.spotify.com/track/2XkyBrauIcGJjd9tO0XaDP | https://music.apple.com/us/song/close-feat-bluffy-mattmatatt/1590580808,TRUE,View Close-up=https://x.com/pamiejaige/status/1463574866414616579,TRUE
bs/fiction.html,Fiction,,,,bs,bs.png,Album,bs,12,12/11 - Bittersweet,TRUE,11/12/2021,TRUE,Jamie Paige | GUMI V3 English,TRUE,,FALSE,Bandcamp,https://jamiepaige.bandcamp.com/album/bittersweet,TRUE,,FALSE
cc/dyad.html,Dyad,,Main Tab,Original,cc,cc.png | ccde.png,Album | Deluxe,cc | ccde | jpjp3 | ccii,1 | 1 | 2 | 1,1/11 - Constant Companions | 1/17 - Constant Companions (Deluxe Edition),TRUE,10/25/2024 - Constant Companions | 07/11/2025 - Constant Companions (Deluxe Edition),TRUE,Jamie Paige | unit.0 - Guitar,TRUE,Jamie Paige | ANRI | GUMI V6 (backing),TRUE,Bandcamp (CC) | Bandcamp (CCDE) | SoundCloud | YouTube - Topic (CC) | YouTube - Topic (CCDE) | Spotify (CC) | Spotify (CCDE) | Apple Music (CC) | Apple Music (CCDE),https://jamiepaige.bandcamp.com/track/dyad-2 | https://jamiepaige.bandcamp.com/track/dyad-4 | https://soundcloud.com/jamieirl/dyad-1 | https://youtu.be/9KfKbr_wiNQ | https://youtu.be/plfNhBJnSi0 | https://open.spotify.com/track/0gLXaeRtd8i1jg8eXxxrLp | https://open.spotify.com/track/2NomU8z371dy1kOqfDJ2Jn | https://music.apple.com/us/song/dyad/1771737117 | https://music.apple.com/us/song/dyad-feat-unit-0/1823516993,TRUE,View Close-up=https://jamiepaige.tumblr.com/post/766883387359232000/constant-companions-closeup-1-dyad,TRUE
cc/dyad.html#demo,dyad with vox.mp3,0:40,Alt Tab,Demo,grayscale,ccii.png,Album,ccii,1,Constant Companions (Initial Ideas) - 1/11,TRUE,10/05/2024,TRUE,Jamie Paige,TRUE,,FALSE,Bandcamp,https://jamiepaige.bandcamp.com/track/dyad-with-vox-mp3,TRUE,,FALSE
cc/not-quite-there.html,Not Quite There,,Main Tab,Original,cc,cc.png | ccde.png,Album | Deluxe,cc | ccde | jpjp4 | ccii,2 | 2 | 2 | 2,2/11 - Constant Companions | 2/17 - Constant Companions (Deluxe Edition),TRUE,10/25/2024 - Constant Companions | 07/11/2025 - Constant Companions (Deluxe Edition),TRUE,Jamie Paige | telebasher - Guitar,TRUE,Jamie Paige | Kasane Teto SV (backing) | ANRI Arcane (backing) | GUMI SV (backing),TRUE,Bandcamp (CC) | Bandcamp (CCDE) | YouTube - Topic (CC) | YouTube - Topic (CCDE) | SoundCloud | Spotify (CC) | Spotify (CCDE) | Apple Music (CC) | Apple Music (CCDE),https://jamiepaige.bandcamp.com/track/not-quite-there-with-telebasher | https://jamiepaige.bandcamp.com/track/not-quite-there-with-telebasher-2 | https://youtu.be/r0sXI02NJ5M | https://youtu.be/wKeIYrwKSb0 | https://soundcloud.com/jamieirl/not-quite-there-with | https://open.spotify.com/track/20mRFGm7v1avao9as7IZ2J | https://open.spotify.com/track/6RV6ueqA88HGNdPBwZYhtq | https://music.apple.com/us/song/not-quite-there-feat-telebasher/1771737118 | https://music.apple.com/us/song/not-quite-there-feat-telebasher/1823516994,TRUE,View Close-up=https://jamiepaige.tumblr.com/post/766978048226672640/constant-companions-closeup-2-not-quite-there,TRUE
cc/not-quite-there.html#demo,all i ever do is watch wip 2.mp3 / not quite there.mp3,2:43,Alt Tab,Demo,grayscale,ccii.png,Album,ccii,2,Constant Companions (Initial Ideas) - 2/11,TRUE,10/05/2024,TRUE,Jamie Paige,TRUE,,FALSE,Bandcamp,https://jamiepaige.bandcamp.com/track/all-i-ever-do-is-watch-wip-2-mp3-not-quite-there-mp3,TRUE,,FALSE
cc/rot-for-clout.html,ROT FOR CLOUT,,Main Tab,Original,r4c,r4c.png | cc.png | ccde.png,Single | Album | Deluxe,cc | ccde | ccii,3 | 3 | 3,3/11 - Constant Companions | 3/17 - Constant Companions (Deluxe Edition),TRUE,10/25/2024 - YouTube MV | 10/25/2024 - Constant Companions | 07/11/2025 - Constant Companions (Deluxe Edition),TRUE,Jamie Paige | Visualeyes - Keys,TRUE,Kasane Teto SV,TRUE,Bandcamp (CC) | Bandcamp (CCDE) | YouTube MV | YouTube - Topic (CC) | YouTube - Topic (CCDE) | SoundCloud | Spotify (CC) | Spotify (CCDE) | Apple Music (CC) | Apple Music (CCDE),https://jamiepaige.bandcamp.com/track/rot-for-clout | https://jamiepaige.bandcamp.com/track/rot-for-clout-2 | https://www.youtube.com/watch?v=_AjJZEcMdww | https://youtu.be/1e8NADa_gEI | https://youtu.be/G61d8ntV2I0 | https://soundcloud.com/jamieirl/rot-for-clout-1 | https://open.spotify.com/track/6oodgVJsVi06ocDO9rwNig | https://open.spotify.com/track/7KMBcYVohvvp32uQDBKz3j | https://music.apple.com/us/song/rot-for-clout/1771737119 | https://music.apple.com/us/song/rot-for-clout-feat-visualeyes/1823516995,TRUE,View Close-up=https://jamiepaige.tumblr.com/post/767067192200167424/constant-companions-closeup-3-rot-for-clout,TRUE
cc/rot-for-clout.html#demo,cloutchaser longer.wav,0:27,Alt Tab,Demo,grayscale,ccii.png,Album,ccii,3,Constant Companions (Initial Ideas) - 3/11,TRUE,10/05/2024,TRUE,Jamie Paige,TRUE,,FALSE,Bandcamp,https://jamiepaige.bandcamp.com/track/cloutchaser-longer-wav,TRUE,,FALSE
cc/i-wish-that-i-could-fall.html,I Wish That I Could Fall,,Main Tab,Original,iwticf,iwticf.png | cc.png | ccde.png,Single | Album | Deluxe,cc | ccde | jpjp3 | ccii,4 | 4 | 7 | 4,4/11 - Constant Companions | 4/17 - Constant Companions (Deluxe Edition),TRUE,10/04/2024 - YouTube MV | 10/25/2024 - Constant Companions | 07/11/2025 - Constant Companions (Deluxe Edition),TRUE,Jamie Paige,TRUE,GUMI SV,TRUE,Bandcamp (CC) | Bandcamp (CCDE) | YouTube MV | YouTube - Topic (Single) | YouTube - Topic (CC) | YouTube - Topic (CCDE) | SoundCloud | Spotify (CC) | Spotify (CCDE) | Apple Music (CC) | Apple Music (CCDE),https://jamiepaige.bandcamp.com/track/i-wish-that-i-could-fall | https://jamiepaige.bandcamp.com/track/i-wish-that-i-could-fall-2 | https://youtu.be/FftLImzl1-k | https://youtu.be/crdr5HNJemk | https://youtu.be/yyzcXeZtfNk | https://youtu.be/zSNKyxG9VQc | https://soundcloud.com/jamieirl/i-wish-that-i-could-fall | https://open.spotify.com/track/51ZkX9yjcV55hMUJUfw2dC | https://open.spotify.com/track/5sw99YAsHzLQsIu4m4pbAP | https://music.apple.com/us/song/i-wish-that-i-could-fall/1771737120 | https://music.apple.com/us/song/i-wish-that-i-could-fall/1823516996,TRUE,View Close-up=https://jamiepaige.tumblr.com/post/767161132854247424/constant-companions-closeup-4-i-wish-that-i,TRUE
cc/i-wish-that-i-could-fall.html#demo,i wish that i could fall wip 1.mp3,0:44,Alt Tab,Demo,grayscale,ccii.png,Album,ccii,4,Constant Companions (Initial Ideas) - 4/11,TRUE,10/05/2024,TRUE,Jamie Paige,TRUE,,FALSE,Bandcamp,https://jamiepaige.bandcamp.com/track/i-wish-that-i-could-fall-wip-1-mp3,TRUE,,FALSE
cc/cadmium-colors.html,Cadmium Colors,,Main Tab,Original,ccolors,ccolors.png | cc.png | ccde.png,Single | Album | Deluxe,cc | ccde | jpjp3 | ccii,5 | 5 | 5 | 5,5/11 - Constant Companions | 5/17 - Constant Companions (Deluxe Edition),TRUE,07/26/2024 - YouTube MV | 10/25/2024 - Constant Companions | 07/11/2025 - Constant Companions (Deluxe Edition),TRUE,Jamie Paige | Soneji of Project Mikan - Saxophone,TRUE,Kasane Teto SV,TRUE,Bandcamp (Single) | Bandcamp (CC) | Bandcamp (CCDE) | YouTube MV | YouTube - Topic (Single) | YouTube - Topic (CC) | YouTube - Topic (CCDE) | SoundCloud | Spotify (CC) | Spotify (CCDE) | Apple Music (CC) | Apple Music (CCDE),https://jamiepaige.bandcamp.com/album/cadmium-colors | https://jamiepaige.bandcamp.com/track/cadmium-colors | https://jamiepaige.bandcamp.com/track/cadmium-colors-3 | https://youtu.be/1U6qefKcOrg | https://youtu.be/qjEGMvJgv0E | https://youtu.be/auJdZUlKrzM | https://youtu.be/kKYvrvPS7vI | https://soundcloud.com/jamieirl/cadmium-colors | https://open.spotify.com/track/1ClWnDDqgaNx7T41uVid7C | https://open.spotify.com/track/2U4zZd1jmi2Dbw0q9bumqQ | https://music.apple.com/us/song/cadmium-colors/1771737121 | https://music.apple.com/us/song/cadmium-colors/1823516997,TRUE,View Close-up=https://jamiepaige.tumblr.com/post/767341832396996608/constant-companions-closeup-5-cadmium-colors,TRUE
cc/cadmium-colors.html#demo,cadmium colors.mp3,0:32,Alt Tab,Demo,grayscale,ccii.png,Album,ccii,5,Constant Companions (Initial Ideas) - 5/11,TRUE,10/05/2024,TRUE,Jamie Paige,TRUE,,FALSE,Bandcamp,https://jamiepaige.bandcamp.com/track/cadmium-colors-mp3,TRUE,,FALSE
cc/breeze-blows.html,Breeze Blows,,Main Tab,Original,cc,cc.png | ccde.png,Album | Deluxe,cc | ccde | ccii,6 | 6 | 6,6/11 - Constant Companions | 6/17 - Constant Companions (Deluxe Edition),TRUE,10/25/2024 - Constant Companions | 07/11/2025 - Constant Companions (Deluxe Edition),TRUE,Jamie Paige | Marcy Nabors | Marlow Jacobs,TRUE,ANRI | Unknown (backing),TRUE,Bandcamp (CC) | Bandcamp (CCDE) | YouTube - Topic (CC) | YouTube - Topic (CCDE) | SoundCloud | Spotify (CC) | Spotify (CCDE) | Apple Music (CC) | Apple Music (CCDE),https://jamiepaige.bandcamp.com/track/breeze-blows-with-marcy-nabors-marlow-jacobs | https://jamiepaige.bandcamp.com/track/breeze-blows-with-marcy-nabors-marlow-jacobs-2 | https://youtu.be/8eM5H7gEoDY | https://youtu.be/seM19v4BGKY | https://soundcloud.com/jamieirl/breeze-blows-with-marcy-nabors | https://open.spotify.com/track/1Xb2K4fbgu9kQ9Oz3ncx4t | https://open.spotify.com/track/3tFvFs08p6fIYrQ0rXydlO | https://music.apple.com/us/song/breeze-blows-feat-marcy-nabors-marlow-jacobs/1771737122 | https://music.apple.com/us/song/breeze-blows-feat-marcy-nabors-marlow-jacobs/1823516999,TRUE,View Close-up=https://jamiepaige.tumblr.com/post/767432910926118912/constant-companions-closeup-6-breeze-blows,TRUE
cc/breeze-blows.html#demo,rolling sandwave (breeze blows) wippy 1.mp3,0:59,Alt Tab,Demo,grayscale,ccii.png,Album,ccii,6,Constant Companions (Initial Ideas) - 6/11,TRUE,10/05/2024,TRUE,Jamie Paige,TRUE,,FALSE,Bandcamp,https://jamiepaige.bandcamp.com/track/rolling-sandwave-breeze-blows-wippy-1-mp3,TRUE,,FALSE
cc/aggrandicize.html,Aggrandicize,,Main Tab,Original,cc,cc.png | ccde.png,Album | Deluxe,cc | ccde | ccii,7 | 7 | 7,7/11 - Constant Companions | 7/17 - Constant Companions (Deluxe Edition),TRUE,10/25/2024 - Constant Companions | 07/11/2025 - Constant Companions (Deluxe Edition),TRUE,Jamie Paige,TRUE,Jamie Paige | ANRI | TikTok TTS Jessie,TRUE,Bandcamp (CC) | Bandcamp (CCDE) | YouTube - Topic (CC) | YouTube - Topic (CCDE) | SoundCloud | Spotify (CC) | Spotify (CCDE) | Apple Music (CC) | Apple Music (CCDE),https://jamiepaige.bandcamp.com/track/aggrandicize | https://jamiepaige.bandcamp.com/track/aggrandicize-2 | https://youtu.be/0qgkuWx3qxw | https://youtu.be/J-tGdNR5TWA | https://soundcloud.com/jamieirl/aggrandicize-1 | https://open.spotify.com/track/2mcQGT8i36p1NsNV160q9M | https://open.spotify.com/track/4Vk7qUgrxo7Qgt2sn0bb3c | https://music.apple.com/us/song/aggrandicize/1771737124 | https://music.apple.com/us/song/aggrandicize/1823517000,TRUE,View Close-up=https://jamiepaige.tumblr.com/post/767515450522370048/constant-companions-closeup-7-aggrandicize,TRUE
cc/aggrandicize.html#demo,oh my god its dumb and its has Strangs.mp3 / aggrandicize wip 1.mp3,1:28,Alt Tab,Demo,grayscale,ccii.png,Album,ccii,7,Constant Companions (Initial Ideas) - 7/11,TRUE,10/05/2024,TRUE,Jamie Paige,TRUE,,FALSE,Bandcamp,https://jamiepaige.bandcamp.com/track/oh-my-god-its-dumb-and-its-has-strangs-mp3-aggrandicize-wip-1-mp3,TRUE,,FALSE
cc/liaison.html,Liaison,,Main Tab,Original,cc,cc.png | ccde.png,Album | Deluxe,cc | ccde | jpjp4 | ccii,8 | 8 | 6 | 8,8/11 - Constant Companions | 8/17 - Constant Companions (Deluxe Edition),TRUE,10/25/2024 - Constant Companions | 07/11/2025 - Constant Companions (Deluxe Edition),TRUE,Jamie Paige,TRUE,ANRI Arcane | SOLARIA,TRUE,Bandcamp (CC) | Bandcamp (CCDE) | YouTube - Topic (CC) | YouTube - Topic (CCDE) | SoundCloud | Spotify (CC) | Spotify (CCDE) | Apple Music (CC) | Apple Music (CCDE),https://jamiepaige.bandcamp.com/track/liaison | https://jamiepaige.bandcamp.com/track/liaison-2 | https://youtu.be/xV9RHi0Gr4w | https://youtu.be/gex04Ohg1hA | https://soundcloud.com/jamieirl/liaison-1 | https://open.spotify.com/track/78AspVlkdbmeEZZLCp1GIW | https://open.spotify.com/track/0dNiK8N0zrPf8992QkfQjM | https://music.apple.com/us/song/liaison/1771737125 | https://music.apple.com/us/song/liaison/1823517001,TRUE,View Close-up=https://jamiepaige.tumblr.com/post/767611654694387712/constant-companions-closeup-8-liaison,TRUE
cc/liaison.html#demo,fantasize wip 1.mp3 / liaison wip 1.mp3,1:10,Alt Tab,Demo,grayscale,ccii.png,Album,ccii,8,Constant Companions (Initial Ideas) - 8/11,TRUE,10/05/2024,TRUE,Jamie Paige,TRUE,,FALSE,Bandcamp,https://jamiepaige.bandcamp.com/track/fantasize-wip-1-mp3-liaison-wip-1-mp3,TRUE,,FALSE
cc/object-of-affection.html,Object of Affection,,Main Tab,Original,cc,cc.png | ccde.png,Album | Deluxe,cc | ccde | jpjp5 | ccii,9 | 9 | 9 | 9,9/11 - Constant Companions | 9/17 - Constant Companions (Deluxe Edition),TRUE,10/25/2024 - Constant Companions | 07/11/2025 - Constant Companions (Deluxe Edition),TRUE,Jamie Paige,TRUE,Jamie Paige | Kasane Teto SV | GUMI SV | ANRI Arcane,TRUE,Bandcamp (CC) | Bandcamp (CCDE) | YouTube - Topic (CC) | YouTube - Topic (CCDE) | Soundcloud | Spotify (CC) | Spotify (CCDE) | Apple Music (CC) | Apple Music (CCDE),https://jamiepaige.bandcamp.com/track/object-of-affection | https://jamiepaige.bandcamp.com/track/object-of-affection-2 | https://youtu.be/FCd-BHRjz6o | https://youtu.be/8rK65YtjwO8 | https://soundcloud.com/jamieirl/object-of-affection-1 | https://open.spotify.com/track/2ajTLpEkHKIUN5rb9pWUih | https://open.spotify.com/track/2R5H0frQCX9xH3Vb2s2g4X | https://music.apple.com/us/song/object-of-affection/1771737126 | https://music.apple.com/us/song/object-of-affection/1823517002,TRUE,View Close-up=https://jamiepaige.tumblr.com/post/767880721737154560/constant-companions-closeup-10-my-darling-my,TRUE
cc/object-of-affection.html#demo,object of affection wip 1.mp3,0:44,Alt Tab,Demo,grayscale,ccii.png,Album,ccii,9,Constant Companions (Initial Ideas) - 9/11,TRUE,10/05/2024,TRUE,Jamie Paige,TRUE,,FALSE,Bandcamp,https://jamiepaige.bandcamp.com/track/object-of-affection-wip-1-mp3,TRUE,,FALSE
cc/clouddrop.html,Clouddrop,,,,default-dark,ccde.png,Album,ccde,10,10/17 - Constant Companions (Deluxe Edition),TRUE,07/11/2025,TRUE,Jamie Paige,TRUE,Kasane Teto SV | GUMI SV | ANRI Arcane | Jamie Paige,TRUE,Bandcamp | Youtube - Topic | Spotify | Apple Music,https://jamiepaige.bandcamp.com/track/clouddrop | https://youtu.be/f3yFpxbP0pc | https://open.spotify.com/track/4DYze8GNztq65W8GjORamD | https://music.apple.com/us/song/clouddrop/1823517003,TRUE,View Close-up,TRUE
cc/my-darling-my-companion.html,"My Darling,|My Companion",,Main Tab,Original,cc,cc.png | ccde.png,Album | Deluxe,cc | ccde | ccii,10 | 11 | 10,10/11 - Constant Companions | 11/17 - Constant Companions (Deluxe Edition),TRUE,10/25/2024 - Constant Companions | 07/11/2025 - Constant Companions (Deluxe Edition),TRUE,Jamie Paige,TRUE,Jamie Paige | Kasane Teto SV | GUMI V6,TRUE,Bandcamp (CC) | Bandcamp (CCDE) | YouTube - Topic (CC) | YouTube - Topic (CCDE) | SoundCloud | Spotify (CC) | Spotify (CCDE) | Apple Music (CC) | Apple Music (CCDE),https://jamiepaige.bandcamp.com/track/my-darling-my-companion | https://jamiepaige.bandcamp.com/track/my-darling-my-companion-2 | https://youtu.be/D-vfGlcyQ28 | https://youtu.be/Df0qB5-zYa8 | https://soundcloud.com/jamieirl/my-darling-my-companion | https://open.spotify.com/track/5QOfiw8GuHjtTlTh9P3Gda | https://open.spotify.com/track/19gfhuCtGdiuNOymH9ku1D | https://music.apple.com/us/song/my-darling-my-companion/1771737127 | https://music.apple.com/us/song/my-darling-my-companion/1823517004,TRUE,View Close-up=https://jamiepaige.tumblr.com/post/767880721737154560/constant-companions-closeup-10-my-darling-my,TRUE
cc/my-darling-my-companion.html#demo,constant wip1.mp3 / im just a vessel i didnt mean to flex on you bro im just a vessel.mp3 / hathaway.mp3,1:37,Alt Tab,Demo,grayscale,ccii.png,Album,ccii,10,Constant Companions (Initial Ideas) - 10/11,TRUE,10/05/2024,TRUE,Jamie Paige,TRUE,,FALSE,Bandcamp,https://jamiepaige.bandcamp.com/track/constant-wip1-mp3-im-just-a-vessel-i-didnt-mean-to-flex-on-you-bro-im-just-a-vessel-mp3-hathaway-mp3,TRUE,,FALSE
cc/machine-love.html,Machine Love,,Main Tab,Original,ml,ml.png | ddoll.jpg | cc.png | ccde.png | bdkt26.png,Single | D/D | CC | CCDE | BDKT26,cc | ccde | jpjp3 | ccii,11 | 12 | 1 | 11,10/12 - DAEMON/DOLL | 11/11 - Constant Companions | 12/17 - Constant Companions (Deluxe Edition) | 15/15 - 0401 - The Best Days of 重音テト 2026,TRUE,04/01/2024 - DAEMON/DOLL | 06/21/2024 - YouTube MV | 10/25/2024 - Constant Companions | 07/11/2025 - Constant Companions (Deluxe Edition) | 02/11/2026 - 0401 - The Best Days of 重音テト 2026,TRUE,Jamie Paige,TRUE,Kasane Teto SV | Kasane Teto UTAU,TRUE,YouTube MV | Bandcamp (Single) | Bandcamp (CC) | Bandcamp (CCDE) | YouTube - Topic (D/D) | YouTube - Topic (CC) | YouTube - Topic (CCDE) | Spotify (D/D) | Spotify (CC) | Spotify (CCDE) | Apple Music (D/D) | Apple Music (CC) | Apple Music (CCDE) | SoundCloud,https://www.youtube.com/watch?v=sqK-jh4TDXo | https://jamiepaige.bandcamp.com/album/machine-love | https://jamiepaige.bandcamp.com/track/machine-love-3 | https://jamiepaige.bandcamp.com/track/machine-love-2 | https://youtu.be/NKSqoIGYzGY | https://youtu.be/mrLI2gw4Emo | https://youtu.be/Ebrk8n8QYpc | https://open.spotify.com/track/2cSWLWlGKktMdTu1L3U8bS | https://open.spotify.com/track/1H2pPtoPS8kNlqCN7HfT6g | https://open.spotify.com/track/4sz2bObYc0FqcqxSIb5ZKu | https://music.apple.com/us/album/machine-love/1733731410 | https://music.apple.com/us/album/machine-love/1771737116 | https://music.apple.com/us/album/machine-love/1823516992 | https://soundcloud.com/jamieirl/machine-love,TRUE,View Close-up=https://jamiepaige.tumblr.com/post/767972575855902720/constant-companions-closeup-11-machine-love | MV Credits=https://jamies.page/mlcredits,TRUE
cc/machine-love.html#demo,machine love.mp3,0:31,Alt Tab,Demo,grayscale,ccii.png,Album,ccii,11,Constant Companions Initial Ideas - 11/11,TRUE,10/05/2024,TRUE,Jamie Paige,TRUE,Kasane Teto SV1,TRUE,Bandcamp,https://jamiepaige.bandcamp.com/track/machine-love-mp3,TRUE,,FALSE
cc/birdbrain.html,BIRDBRAIN,,,,bb,bb.png | ccde.png,Single | Album,ccde,13,13/17 - Constant Companions (Deluxe Edition),TRUE,06/28/2025 - YouTube MV | 07/11/2025 - Deluxe Edition,TRUE,Jamie Paige | OK Glass | ash taylor - Guitar,TRUE,Kasane Teto SV | Frimomen (backing),TRUE,Bandcamp | YouTube MV | YouTube - Topic (Single) | YouTube - Topic (CCDE) | Spotify | Apple Music,https://jamiepaige.bandcamp.com/track/birdbrain-with-ok-glass-2 | https://youtu.be/0iVlSNpq8i8 | https://youtu.be/dBLzh47wdrU | https://youtu.be/Cn__J8t7agk | https://open.spotify.com/track/0d42paxcUOhgvWy0HLxxYl | https://music.apple.com/us/song/birdbrain-feat-ok-glass/1823517006,TRUE,View Close-up,TRUE
cc/shiny-chariot.html,Shiny Chariot,,,,default-dark,ccde.png,Album,ccde,14,14/17 - Constant Companions (Deluxe Edition),TRUE,07/11/2025,TRUE,Jamie Paige,TRUE,GUMI SV | Kasane Teto SV (backing),TRUE,Bandcamp | YouTube - Topic | Spotify | Apple Music,https://jamiepaige.bandcamp.com/track/shiny-chariot-2 | https://youtu.be/WXeeY5JVBGU | https://open.spotify.com/track/4VmqRu6GbNHfAaqpHK9EB6 | https://music.apple.com/us/song/shiny-chariot/1823517007,TRUE,View Close-up,TRUE
cc/strawberry.html,Strawberry,,,,default-dark,ccde.png,Album,ccde,15,15/17 - Constant Companions (Deluxe Edition),TRUE,07/11/2025,TRUE,Jamie Paige,TRUE,Kasane Teto SV,TRUE,Bandcamp | YouTube - Topic | Spotify | Apple Music,https://jamiepaige.bandcamp.com/track/strawberry-2 | https://youtu.be/CQBbYjMWorc | https://open.spotify.com/track/1iwtNLLtDOriE0HkEuMRjM | https://music.apple.com/us/song/strawberry/1823517008,TRUE,View Close-up,TRUE
cc/manifesto.html,Manifesto,,,,default-dark,ccde.png,Album,ccde,16,16/17 - Constant Companions (Deluxe Edition),TRUE,07/11/2025,TRUE,Jamie Paige,TRUE,Kasane Teto SV | GUMI SV,TRUE,Bandcamp | YouTube - Topic | Spotify | Apple Music,https://jamiepaige.bandcamp.com/track/manifesto-2 | https://youtu.be/g7rbq4XSOeg | https://open.spotify.com/track/7K8tTru2bGEYepiqk3bw9x | https://music.apple.com/us/song/manifesto/1823517009,TRUE,View Close-up,TRUE
cc/dance-delightful.html,Dance Delightful,,,,mm,mm.png | ccde.png,MACHINA MORI | CCDE,ccde,17,14/16 - MACHINA MORI | 17/17 - Constant Companions (Deluxe Edition),TRUE,02/14/2025 - MACHINA MORI | 07/11/2025 - Constant Companions (Deluxe Edition),TRUE,Jamie Paige,TRUE,Adachi Rei Arpasing | Kasane Teto SV (backing),TRUE,Bandcamp | YouTube MV | YouTube - Topic (MM) | Youtube - Topic (CCDE) | Spotify (MM) | Spotify (CCDE) | Apple Music (MM) | Apple Music (CCDE),https://jamiepaige.bandcamp.com/track/dance-delightful | https://youtu.be/u33469XYVWc | https://youtu.be/JXFuZQZs7iU | https://youtu.be/sxO1RG9q30I | https://open.spotify.com/track/2jFHxqI1UgXc5OJIlPpo0m | https://open.spotify.com/track/5z19J7kyYzvWsgeFgHdCiI | https://music.apple.com/us/song/dance-delightful/1827185294 | https://music.apple.com/us/song/dance-delightful/1823517010,TRUE,View Close-up,TRUE
cs/papergirl.html,papergirl,,,,cs,cs.png,Album,cs,1,1/5 - c-sides,TRUE,02/06/2026 - c-sides,TRUE,Jamie Paige,TRUE,Jamie Paige | ANRI,TRUE,Bandcamp,https://jamiepaige.bandcamp.com/track/papergirl-7,TRUE,,FALSE
cs/little-anger.html,little anger,,,,cs,cs.png,Album,cs,2,2/5 - c-sides,TRUE,12/24/2024 - Constant Companions' stems,TRUE,Jamie Paige,TRUE,Yi Xi,TRUE,Bandcamp,https://jamiepaige.bandcamp.com/track/little-anger,TRUE,,FALSE
cs/ringtone.html,ringtone,,,,cs,cs.png,Album,cs,3,3/5 - c-sides,TRUE,02/06/2026 - c-sides,TRUE,Jamie Paige,TRUE,Eleanor Forte | ANRI Arcane,TRUE,Bandcamp,https://jamiepaige.bandcamp.com/track/ringtone,TRUE,,FALSE
cs/one-small-moment-of-silence.html,one small moment of silence,,,,cs,cs.png,Album,cs,4,4/5 - c-sides,TRUE,10/11/2024 - YouTube MV,TRUE,Jamie Paige,TRUE,NYL | SOLARIA | ASTERIAN | SAROS,TRUE,YouTube MV | Bandcamp,https://youtu.be/tJoICd0W-BE | https://jamiepaige.bandcamp.com/track/one-small-moment-of-silence,TRUE,,FALSE
cs/some-more-of-that-song.html,some more of that song,,,,smots,smots.png | cs.png,Vivid Stasis | Album,cs,5,5/5 - c-sides,TRUE,08/16/2025 - YouTube MV,TRUE,Jamie Paige,TRUE,Kasane Teto SV,TRUE,YouTube MV | Bandcamp,https://youtu.be/IOUoub2eGhc | https://jamiepaige.bandcamp.com/track/some-more-of-that-song,TRUE,,FALSE
contentcompanion/no-eulogies.html,NO EULOGIES,,,,default,noeulogies.png | contentcompanion.jpg,unbeatable | Album,contentcompanion,1,unbeatable - The Jamie Paige Content Companion | The Jamie Paige Content Companion's Official Companion Content=/music/contentcompanion.html,TRUE,07/27/2026 - unbeatable | 07/28/2026 - The Jamie Paige Content Companion's Official Companion Content,TRUE,"Jamie Paige x D-CELL SOUND TEAM | Jamie Paige - composition, arrangement, lyrics, synth v programming, mixing and mastering | RJ Lake - composition, arrangement and lyrics | Rachel Lake - lyrics | Clara Maddux - composition, arrangement and guitars | Vasily Nikolaev - composition, additional arrangement and additional bassg",TRUE,Rachel Lake | Kasane Teto SV,TRUE,Bandcamp | Youtube - MV,https://dcellgames.bandcamp.com/track/no-eulogies | https://www.youtube.com/watch?v=LiRFOeh0jNE,TRUE,,FALSE
contentcompanion/dream-diary.html,DREAM DIARY,,,,default,ddiary.png | contentcompanion.jpg,unbeatable | Album,contentcompanion,2,unbeatable - The Jamie Paige Content Companion | The Jamie Paige Content Companion's Official Companion Content=/music/contentcompanion.html,TRUE,07/27/2026 - unbeatable | 07/28/2026 - The Jamie Paige Content Companion's Official Companion Content,TRUE,Jamie Paige x D-CELL SOUND TEAM,TRUE,RJ Lake | Rachel Lake,TRUE,Bandcamp,https://dcellgames.bandcamp.com/track/dream-diary,TRUE,,FALSE
contentcompanion/my-universal.html,MY UNIVERSAL,,,,default,mu.png | contentcompanion.jpg,unbeatable | Album,contentcompanion,3,unbeatable - The Jamie Paige Content Companion | The Jamie Paige Content Companion's Official Companion Content=/music/contentcompanion.html,TRUE,07/27/2026 - unbeatable | 07/28/2026 - The Jamie Paige Content Companion's Official Companion Content,TRUE,Jamie Paige x D-CELL SOUND TEAM,TRUE,RJ Lake | Rachel Lake,TRUE,Bandcamp,https://dcellgames.bandcamp.com/track/my-universal,TRUE,,FALSE
contentcompanion/sleeping-in.html,SLEEPING IN [jamie paige remix],,,,default,sijpr.jpg | contentcompanion.jpg,unbeatable | Album,contentcompanion,4,unbeatable - The Jamie Paige Content Companion | The Jamie Paige Content Companion's Official Companion Content=/music/contentcompanion.html,TRUE,07/27/2026 - unbeatable | 07/28/2026 - The Jamie Paige Content Companion's Official Companion Content,TRUE,Jamie Paige x D-CELL SOUND TEAM,TRUE,Rachel Lake,TRUE,Bandcamp,https://dcellgames.bandcamp.com/track/sleeping-in-jamie-paige-remix,TRUE,,FALSE
contentcompanion/i-wish-that-i-could-fall-peak.html,I WISH THAT I COULD FALL [peak divide arrange],,,,default,iwticfpd.png | contentcompanion.jpg,unbeatable | Album,contentcompanion,5,unbeatable - The Jamie Paige Content Companion | The Jamie Paige Content Companion's Official Companion Content=/music/contentcompanion.html,TRUE,07/27/2026 - unbeatable | 07/28/2026 - The Jamie Paige Content Companion's Official Companion Content,TRUE,"Jamie Paige x D-CELL SOUND TEAM | Clara Maddux - composition, arrangement, drum programming, bass and guitars | Vasily Nikolaev - additional composition, additional arrangement, synths, additional guitars and mixing",TRUE,GUMI SV,TRUE,Bandcamp,https://dcellgames.bandcamp.com/track/i-wish-that-i-could-fall-peak-divide-arrange,TRUE,,FALSE
contentcompanion/turn-back.html,TURN BACK,,,,default,tb.png | contentcompanion.jpg,unbeatable | Album,contentcompanion,6,unbeatable - The Jamie Paige Content Companion | The Jamie Paige Content Companion's Official Companion Content=/music/contentcompanion.html,TRUE,07/27/2026 - unbeatable | 07/28/2026 - The Jamie Paige Content Companion's Official Companion Content,TRUE,Jamie Paige x D-CELL SOUND TEAM,TRUE,GUMI V3 English,TRUE,Bandcamp,https://dcellgames.bandcamp.com/track/turn-back,TRUE,,FALSE
contentcompanion/ebi-quaver.html,エビチャーハン! QUAVER VERSION (it's actually reasonable that a twelve year old would be able to fry this rice),,,,default,ebiquaver.png | contentcompanion.jpg,unbeatable | Album,contentcompanion,7,unbeatable - The Jamie Paige Content Companion | The Jamie Paige Content Companion's Official Companion Content=/music/contentcompanion.html,TRUE,07/27/2026 - unbeatable | 07/28/2026 - The Jamie Paige Content Companion's Official Companion Content,TRUE,Jamie Paige x D-CELL SOUND TEAM,TRUE,Holly Earl as Quaver | Rachel Lake as Beat,TRUE,Bandcamp,https://dcellgames.bandcamp.com/track/quaver-version-its-actually-reasonable-that-a-twelve-year-old-would-be-able-to-fry-this-ricehttps://dcellgames.bandcamp.com/track/quaver-version-its-actually-reasonable-that-a-twelve-year-old-would-be-able-to-fry-this-rice,TRUE,,FALSE
contentcompanion/square-up-synthetic.html,square up [synthetic],,,,default,su.png | contentcompanion.jpg,unbeatable | Album,,,unbeatable - The Jamie Paige Content Companion | The Jamie Paige Content Companion's Official Companion Content=/music/contentcompanion.html,TRUE,07/27/2026 - unbeatable | 07/28/2026 - The Jamie Paige Content Companion's Official Companion Content,TRUE,Jamie Paige x D-CELL SOUND TEAM,TRUE,Kasane Teto UTAU | GUMI V3 English,TRUE,Bandcamp (bonus track),https://dcellgames.bandcamp.com/album/the-jamie-paige-content-companions-official-companion-content,TRUE,,FALSE
ccontrepoint/butcher-vanity.html,BUTCHER VANITY,,Main Tab,Original,bv,bv.png | bvcc.png | ccontrepoint.png | bvi.png,Single | Bandcamp | Album | Inst.,ccontrepoint |,1 |,1/9 - CARDIAC CONTREPOINT,TRUE,03/08/2024 - YouTube MV | 02/14/2025 - CARDIAC CONTREPOINT,TRUE,FLAVOR FOLEY,TRUE,Yi Xi,TRUE,"Bandcamp (Single) | Bandcamp (Album) | YouTube MV | YouTube - Topic (Single, Vane Lily) | YouTube - Topic (Single, FLAVOR FOLEY) | YouTube - Topic (Album) | YouTube - Topic (Album Reprint) | Spotify (Single) | Spotify (Album) | Apple Music (Single) | Apple Music (Album)",https://jamiepaige.bandcamp.com/album/butcher-vanity | https://flavorfoley.bandcamp.com/track/butcher-vanity | https://youtu.be/vjBFftpQxxM | https://youtu.be/o4dxH06Jgp0 | https://youtu.be/M5mIYZbYL_4 | https://youtu.be/R7E9Q_Ot9M8 | https://youtu.be/WvHg7jSDN4A | https://open.spotify.com/track/5w5wBkH4ana9waptVsxJCq | https://open.spotify.com/track/2QB1vK4MFiYgLlCHMLj51r | https://music.apple.com/us/song/butcher-vanity-feat-jamie-paige-ricedeity/1738176942 | https://music.apple.com/us/song/butcher-vanity/1793749572,TRUE,,FALSE
ccontrepoint/butcher-vanity.html#live,BUTCHER VANITY - Digital Stars @ MIKU EXPO 2024,,Alt Tab,Live,grayscale,cc.png | ccde.png,Album | Deluxe,,,X/X - Album 1 | X/X - Album 2,TRUE,XX/XX/20XX,TRUE,Jamie Paige,TRUE,Jamie Paige,TRUE,Music Links Here,,TRUE,,FALSE
ccontrepoint/butcher-vanity.html#radio,BUTCHER VANITY - Radio,,Alt Tab,Radio,grayscale,cc.png,Album,,,X/X - Radio,TRUE,XX/XX/20XX,TRUE,Jamie Paige,TRUE,Jamie Paige,TRUE,Music Links Here,,TRUE,,FALSE
ccontrepoint/rawdog.html,rawdog,,,,default,ccontrepoint.png,Album,ccontrepoint,2,CARDIAC CONTREPOINT,TRUE,TBD,TRUE,Jamie Paige,TRUE,,FALSE,Music Links Here,,TRUE,,FALSE
ccontrepoint/weathergirl.html,weathergirl,,,,default,ccontrepoint.png,Album,ccontrepoint,3,CARDIAC CONTREPOINT,TRUE,TBD,TRUE,Jamie Paige,TRUE,,FALSE,Music Links Here,,TRUE,,FALSE
ccontrepoint/weiward-romance.html,炜WARD ROMANCE,,,,default,ccontrepoint.png,Album,ccontrepoint,4,CARDIAC CONTREPOINT,TRUE,TBD,TRUE,Jamie Paige,TRUE,,FALSE,Music Links Here,,TRUE,,FALSE
ccontrepoint/water-the-roses.html,Water the Roses,,,,default,ccontrepoint.png,Album,ccontrepoint,5,CARDIAC CONTREPOINT,TRUE,TBD,TRUE,Jamie Paige,TRUE,,FALSE,Music Links Here,,TRUE,,FALSE
ccontrepoint/queen-of-venus.html,Queen of Venus,,,,default,ccontrepoint.png,Album,ccontrepoint,6,CARDIAC CONTREPOINT,TRUE,TBD,TRUE,Jamie Paige,TRUE,,FALSE,Music Links Here,,TRUE,,FALSE
ccontrepoint/paparazzi-murder-party-rr.html,Paparazzi Murder Party (ROUNDTABLE REPRISE),,,,default,ccontrepoint.png,Album,ccontrepoint,7,CARDIAC CONTREPOINT,TRUE,TBD,TRUE,Jamie Paige,TRUE,,FALSE,Music Links Here,,TRUE,,FALSE
ccontrepoint/snowflake-rr.html,snowflake (ROUNDTABLE REPRISE),,,,default,ccontrepoint.png,Album,ccontrepoint,8,CARDIAC CONTREPOINT,TRUE,TBD,TRUE,Jamie Paige,TRUE,,FALSE,Music Links Here,,TRUE,,FALSE
ccontrepoint/when-spring-comes-rr.html,When Spring Comes (ROUNDTABLE REPRISE),,,,default,ccontrepoint.png,Album,ccontrepoint,9,CARDIAC CONTREPOINT,TRUE,TBD,TRUE,Jamie Paige,TRUE,,FALSE,Music Links Here,,TRUE,,FALSE
destiny/destiny.html,Destiny,,,,default,destiny.jpg,Album,destiny,1,Destiny,TRUE,TBD,TRUE,Jamie Paige,TRUE,,FALSE,Music Links Here,,TRUE,,FALSE
destiny/destiny-marcy-nabors-remix.html,Destiny (Marcy Nabors Remix),,,,default,destiny.jpg,Album,destiny,2,Destiny,TRUE,TBD,TRUE,Jamie Paige,TRUE,,FALSE,Music Links Here,,TRUE,,FALSE
PPPP/people-posture-play-pretend.html,People Posture Play Pretend,,,,default,pppp.png,Album,PPPP,1,People Posture Play Pretend,TRUE,TBD,TRUE,Jamie Paige,TRUE,,FALSE,Music Links Here,,TRUE,,FALSE
PPPP/when-spring-comes.html,When Spring Comes,,,,default,pppp.png,Album,PPPP,2,People Posture Play Pretend,TRUE,TBD,TRUE,Jamie Paige,TRUE,,FALSE,Music Links Here,,TRUE,,FALSE
dnh/do-no-harm-atrial-mix.html,Do No Harm (Atrial Mix),,,,default,dnh.png,Album,dnh,1,Do No Harm,TRUE,TBD,TRUE,Jamie Paige,TRUE,,FALSE,Music Links Here,,TRUE,,FALSE
dnh/do-no-harm-ventricular-mix.html,Do No Harm (Ventricular Mix),,,,default,dnh.png,Album,dnh,2,Do No Harm,TRUE,TBD,TRUE,Jamie Paige,TRUE,,FALSE,Music Links Here,,TRUE,,FALSE
video-hunting-specimen/vhs-get.html,VHS get!,,,,default,vhs.png,Album,video-hunting-specimen,1,Video Hunting Specimen,TRUE,TBD,TRUE,Jamie Paige,TRUE,,FALSE,Music Links Here,,TRUE,,FALSE
video-hunting-specimen/dont-stop.html,DON'T STOP !,,,,default,vhs.png,Album,video-hunting-specimen,2,Video Hunting Specimen,TRUE,TBD,TRUE,Jamie Paige,TRUE,,FALSE,Music Links Here,,TRUE,,FALSE
video-hunting-specimen/buh-buh-buh-baby-vacant-heart-sounds.html,Buh buh buh baby (Vacant heart sounds),,,,default,vhs.png,Album,video-hunting-specimen,3,Video Hunting Specimen,TRUE,TBD,TRUE,Jamie Paige,TRUE,,FALSE,Music Links Here,,TRUE,,FALSE
video-hunting-specimen/the-whole-place-has-to-workit.html,(The whole place has to) Workit,,,,default,vhs.png,Album,video-hunting-specimen,4,Video Hunting Specimen,TRUE,TBD,TRUE,Jamie Paige,TRUE,,FALSE,Music Links Here,,TRUE,,FALSE
video-hunting-specimen/marcy-nabors-and-jamie-paige-take-your-bones-to-work-day.html,Marcy Nabors & Jamie Paige - Take your bones to work day,,,,default,vhs.png,Album,video-hunting-specimen,5,Video Hunting Specimen,TRUE,TBD,TRUE,Jamie Paige,TRUE,,FALSE,Music Links Here,,TRUE,,FALSE
aod/behind-the-phone-line.html,Behind the phone line,,,,default,aod.png,Album,aod,1,Autumn's Other Days,TRUE,TBD,TRUE,Jamie Paige,TRUE,,FALSE,Music Links Here,,TRUE,,FALSE
aod/secret-girlfriend-dream-logic-version.html,Secret Girlfriend (Dream Logic Version),,,,default,aod.png,Album,aod,2,Autumn's Other Days,TRUE,TBD,TRUE,Jamie Paige,TRUE,,FALSE,Music Links Here,,TRUE,,FALSE
aod/fenicsong-with-valerie-halla.html,Fenicsong (with Valerie Halla),,,,default,aod.png,Album,aod,3,Autumn's Other Days,TRUE,TBD,TRUE,Jamie Paige,TRUE,,FALSE,Music Links Here,,TRUE,,FALSE
aod/abraxas.html,Abraxas,,,,default,aod.png,Album,aod,4,Autumn's Other Days,TRUE,TBD,TRUE,Jamie Paige,TRUE,,FALSE,Music Links Here,,TRUE,,FALSE
aod/hey-jamie-lets-go-to-walmart.html,"Hey Jamie, Let's Go to Walmart!",,,,default,aod.png,Album,aod,5,Autumn's Other Days,TRUE,TBD,TRUE,Jamie Paige,TRUE,,FALSE,Music Links Here,,TRUE,,FALSE
aod/girl-heart-friend.html,Girl Heart Friend,,,,default,aod.png,Album,aod,6,Autumn's Other Days,TRUE,TBD,TRUE,Jamie Paige,TRUE,,FALSE,Music Links Here,,TRUE,,FALSE
aod/for-u.html,For U,,,,default,aod.png,Album,aod,7,Autumn's Other Days,TRUE,TBD,TRUE,Jamie Paige,TRUE,,FALSE,Music Links Here,,TRUE,,FALSE
aod/to-atlantis-oddeeo-remix.html,To Atlantis (ODDEEO Remix),,,,default,aod.png,Album,aod,8,Autumn's Other Days,TRUE,TBD,TRUE,Jamie Paige,TRUE,,FALSE,Music Links Here,,TRUE,,FALSE
aod/too-much-autotune-drainpuppets-attention-deficitmix.html,Too Much Autotune (Drainpuppet's Attention Deficitmix),,,,default,aod.png,Album,aod,9,Autumn's Other Days,TRUE,TBD,TRUE,Jamie Paige,TRUE,,FALSE,Music Links Here,,TRUE,,FALSE
aod/autumn-every-day-lavande-remix.html,Autumn Every Day (Lavande Remix),,,,default,aod.png,Album,aod,10,Autumn's Other Days,TRUE,TBD,TRUE,Jamie Paige,TRUE,,FALSE,Music Links Here,,TRUE,,FALSE
aod/a-thousand-miles.html,A Thousand Miles,,,,default,aod.png,Album,aod,11,Autumn's Other Days,TRUE,TBD,TRUE,Jamie Paige,TRUE,,FALSE,Music Links Here,,TRUE,,FALSE
aod/lonely-singing-doll.html,Lonely Singing Doll,,,,default,aod.png,Album,aod,12,Autumn's Other Days,TRUE,TBD,TRUE,Jamie Paige,TRUE,,FALSE,Music Links Here,,TRUE,,FALSE
aod/peg.html,Peg,,,,default,aod.png,Album,aod,13,Autumn's Other Days,TRUE,TBD,TRUE,Jamie Paige,TRUE,,FALSE,Music Links Here,,TRUE,,FALSE
aod/like-a-dream.html,Like a Dream,,,,default,aod.png,Album,aod,14,Autumn's Other Days,TRUE,TBD,TRUE,Jamie Paige,TRUE,,FALSE,Music Links Here,,TRUE,,FALSE
aod/closer.html,Closer,,,,default,aod.png,Album,aod,15,Autumn's Other Days,TRUE,TBD,TRUE,Jamie Paige,TRUE,,FALSE,Music Links Here,,TRUE,,FALSE
aod/rather-be.html,Rather Be,,,,default,aod.png,Album,aod,16,Autumn's Other Days,TRUE,TBD,TRUE,Jamie Paige,TRUE,,FALSE,Music Links Here,,TRUE,,FALSE
aod/pollyanna-i-believe-in-you.html,Pollyanna (I Believe in You),,,,default,aod.png,Album,aod,17,Autumn's Other Days,TRUE,TBD,TRUE,Jamie Paige,TRUE,,FALSE,Music Links Here,,TRUE,,FALSE
aod/oddeeo-karma-wears-white-ties-chinatown-blues-jamie-paige-remix.html,ODDEEO + Karma Wears White Ties - Chinatown Blues (Jamie Paige Remix),,,,default,aod.png,Album,aod,18,Autumn's Other Days,TRUE,TBD,TRUE,Jamie Paige,TRUE,,FALSE,Music Links Here,,TRUE,,FALSE
aod/nelward-apple-shampoo-jamie-paiges-mcintosh-mix.html,nelward - Apple Shampoo (Jamie Paige's McIntosh Mix),,,,default,aod.png,Album,aod,19,Autumn's Other Days,TRUE,TBD,TRUE,Jamie Paige,TRUE,,FALSE,Music Links Here,,TRUE,,FALSE
aod/soundcloud-promo-with-cory-pangilinan-and-marcy-nabors.html,Soundcloud Promo (with Cory Pangilinan & Marcy Nabors),,,,default,aod.png,Album,aod,20,Autumn's Other Days,TRUE,TBD,TRUE,Jamie Paige,TRUE,,FALSE,Music Links Here,,TRUE,,FALSE
aod/distinct-recollections-of-russian-nesting-dolls-in-a-moving-car.html,Distinct Recollections of Russian Nesting Dolls in a Moving Car,,,,default,aod.png,Album,aod,21,Autumn's Other Days,TRUE,TBD,TRUE,Jamie Paige,TRUE,,FALSE,Music Links Here,,TRUE,,FALSE
bc/on-fire-from-fourth-strike-song-jam-2021.html,on fire (from Fourth Strike Song Jam 2021),,,,default,bc.jpg,Album,bc,1,Buttercream,TRUE,TBD,TRUE,Jamie Paige,TRUE,,FALSE,Music Links Here,,TRUE,,FALSE
bc/breakup.html,breakup!,,,,default,bc.jpg,Album,bc,2,Buttercream,TRUE,TBD,TRUE,Jamie Paige,TRUE,,FALSE,Music Links Here,,TRUE,,FALSE
bc/winter.html,winter,,,,default,bc.jpg,Album,bc,3,Buttercream,TRUE,TBD,TRUE,Jamie Paige,TRUE,,FALSE,Music Links Here,,TRUE,,FALSE
bc/brush.html,brush,,,,default,bc.jpg,Album,bc,4,Buttercream,TRUE,TBD,TRUE,Jamie Paige,TRUE,,FALSE,Music Links Here,,TRUE,,FALSE
bc/feather.html,feather,,,,default,bc.jpg,Album,bc,5,Buttercream,TRUE,TBD,TRUE,Jamie Paige,TRUE,,FALSE,Music Links Here,,TRUE,,FALSE
bc/this-project-file-is-called-depression-shit-i-guess.html,"this project file is called ""depression shit i guess""",,,,default,bc.jpg,Album,bc,6,Buttercream,TRUE,TBD,TRUE,Jamie Paige,TRUE,,FALSE,Music Links Here,,TRUE,,FALSE
bc/that-aint-how-it-has-to-be.html,that aint how it has to be,,,,default,bc.jpg,Album,bc,7,Buttercream,TRUE,TBD,TRUE,Jamie Paige,TRUE,,FALSE,Music Links Here,,TRUE,,FALSE
bc/by-the-seashore.html,by the seashore,,,,default,bc.jpg,Album,bc,8,Buttercream,TRUE,TBD,TRUE,Jamie Paige,TRUE,,FALSE,Music Links Here,,TRUE,,FALSE
bc/between-the-day-and-night-ally-beta.html,between the day and night (ally beta),,,,default,bc.jpg,Album,bc,9,Buttercream,TRUE,TBD,TRUE,Jamie Paige,TRUE,,FALSE,Music Links Here,,TRUE,,FALSE
bc/asemic-speech-demo.html,asemic speech (demo),,,,default,bc.jpg,Album,bc,10,Buttercream,TRUE,TBD,TRUE,Jamie Paige,TRUE,,FALSE,Music Links Here,,TRUE,,FALSE
bc/bittersweet-demo.html,bittersweet (demo),,,,default,bc.jpg,Album,bc,11,Buttercream,TRUE,TBD,TRUE,Jamie Paige,TRUE,,FALSE,Music Links Here,,TRUE,,FALSE
bc/where-hearts-thaw.html,where hearts thaw,,,,default,bc.jpg,Album,bc,12,Buttercream,TRUE,04/10/2022 - SoundCloud | 07/08/2022 - Buttercream,TRUE,Jamie Paige,TRUE,,FALSE,Bandcamp | SoundCloud,https://jamiepaige.bandcamp.com/track/where-hearts-thaw | https://soundcloud.com/pamiejaige/where-hearts-thaw,TRUE,,FALSE
bc/the-patterns-of-clouds.html,the patterns of clouds,,,,default,tpoc.jpg | bc.jpg,SoundCloud | Album,bc,13,Buttercream,TRUE,TBD,TRUE,Jamie Paige,TRUE,,FALSE,Music Links Here,,TRUE,,FALSE
bc/escape-ffxiv-cover.html,eScape (ffxiv cover),,,,default,bc.jpg,Album,bc,14,Buttercream,TRUE,TBD,TRUE,Jamie Paige,TRUE,,FALSE,Music Links Here,,TRUE,,FALSE
bc/spaceman-the-killers-cover.html,spaceman (the killers cover),,,,default,bc.jpg,Album,bc,15,Buttercream,TRUE,TBD,TRUE,Jamie Paige,TRUE,,FALSE,Music Links Here,,TRUE,,FALSE
bc/patchwork-eden-sasakure-uk-cover.html,patchwork eden (sasakure.uk cover),,,,default,bc.jpg,Album,bc,16,Buttercream,TRUE,TBD,TRUE,Jamie Paige,TRUE,,FALSE,Music Links Here,,TRUE,,FALSE
bc/vessel-of-stars-casket-of-star.html,vessel of stars ~ casket of star,,,,default,bc.jpg,Album,bc,17,Buttercream,TRUE,TBD,TRUE,Jamie Paige,TRUE,,FALSE,Music Links Here,,TRUE,,FALSE
bc/grimoire-of-alice-x-locked-girl.html,grimoire of alice x locked girl,,,,default,bc.jpg,Album,bc,18,Buttercream,TRUE,TBD,TRUE,Jamie Paige,TRUE,,FALSE,Music Links Here,,TRUE,,FALSE
bc/grand-restore-2021-version.html,grand restore (2021 version),,,,default,bc.jpg,Album,bc,19,Buttercream,TRUE,TBD,TRUE,Jamie Paige,TRUE,,FALSE,Music Links Here,,TRUE,,FALSE
bc/moe-shop-love-taste-jamie-paige-rmx.html,Moe Shop - love taste (jamie paige rmx),,,,default,bc.jpg,Album,bc,20,Buttercream,TRUE,TBD,TRUE,Jamie Paige,TRUE,,FALSE,Music Links Here,,TRUE,,FALSE
bc/song-for-jijo-2021-version.html,song for jijo (2021 version),,,,default,bc.jpg,Album,bc,21,Buttercream,TRUE,TBD,TRUE,Jamie Paige,TRUE,,FALSE,Music Links Here,,TRUE,,FALSE
bc/swag-pt-3-its-2014-again.html,SWAG PT. 3: IT'S 2014 AGAIN,,,,default,bc.jpg,Album,bc,22,Buttercream,TRUE,TBD,TRUE,Jamie Paige,TRUE,,FALSE,Music Links Here,,TRUE,,FALSE
jpjp3/funtown-usa.html,Funtown USA|(tv room cover),,,,default,../../public/images/cover-art/jpjp3.png,,jpjp3,4,4/7 - Jamie P Jam Pack - March 2024,TRUE,03/16/2024,TRUE,Jamie Paige,TRUE,Kasane Teto SV,TRUE,Music Links Here,,TRUE,,FALSE
jpjp3/its-2013-again-again.html,It's 2013 Again Again,,,,default,../../public/images/cover-art/jpjp3.png,,jpjp3,3,3/7 - Jamie P Jam Pack - March 2024,TRUE,03/16/2024,TRUE,Jamie Paige,TRUE,Kasane Teto SV,TRUE,Music Links Here,,TRUE,,FALSE
jpjp3/paisley-pudge-airship.html,paisley pudge is in her airship rapidly approaching your location you have six seconds left to live,,,,default,ppiiharaylyhssltl.jpg | jpjp3.png,SoundCloud | Jam Pack,jpjp3,6,5/7 - Jamie P Jam Pack - March 2024,TRUE,09/17/2023 - pamiejaige SoundCloud | 03/16/2024 - Jamie P Jam Pack - March 2024,TRUE,Jamie Paige,TRUE,Jamie Paige,TRUE,Bandcamp | Twitter Demo | Twitter Demo | Twitter MV,https://jamiepaige.bandcamp.com/track/paisley-pudge-is-in-her-airship-rapidly-approaching-your-location-you-have-six-seconds-left-to-live | https://soundcloud.com/pamiejaige/paisley-pudge-is-in-her-airship-rapidly-approaching-your-location-you-have-six-seconds-left-to-live | https://x.com/paisleypudge/status/1635070788553547777 | https://x.com/pudgierpuk/status/1703611250888859793,TRUE,,FALSE
jpjp4/shrimp-miku-yelling-at-me.html,shrimp miku yelling at me,,,,default,jpjp4.png,Album,jpjp4,1,Jamie P Jam Pack - April 2024,TRUE,TBD,TRUE,Jamie Paige,TRUE,,FALSE,Music Links Here,,TRUE,,FALSE
jpjp4/vane-ft-enid-and-hatsune-miku-pitter-patter-jamie-p-remix.html,Vane ft. Enid & Hatsune Miku - Pitter Patter (jamie p remix),,,,default,jpjp4.png,Album,jpjp4,3,Jamie P Jam Pack - April 2024,TRUE,TBD,TRUE,Jamie Paige,TRUE,,FALSE,Music Links Here,,TRUE,,FALSE
jpjp4/get-down-b4-4-cover-i-guess.html,Get Down (b4-4 cover i guess),,,,default,jpjp4.png,Album,jpjp4,4,Jamie P Jam Pack - April 2024,TRUE,TBD,TRUE,Jamie Paige,TRUE,,FALSE,Music Links Here,,TRUE,,FALSE
jpjp4/oddeeo-this-feeling-is-a-cliche-jamie-p-edit.html,ODDEEO - This_feeling_is_a_cliche... (jamie p edit),,,,default,jpjp4.png,Album,jpjp4,5,Jamie P Jam Pack - April 2024,TRUE,TBD,TRUE,Jamie Paige,TRUE,,FALSE,Music Links Here,,TRUE,,FALSE
jpjp5/poinsettia-demo.html,Poinsettia (demo),,,,default,jpjp5.jpg,Album,jpjp5,1,Jamie P Jam Pack - May 2024,TRUE,TBD,TRUE,Jamie Paige,TRUE,,FALSE,Music Links Here,,TRUE,,FALSE
jpjp5/people-posture-play-pretend-arcane.html,People Posture Play Pretend (arcane),,,,default,jpjp5.jpg,Album,jpjp5,2,Jamie P Jam Pack - May 2024,TRUE,TBD,TRUE,Jamie Paige,TRUE,,FALSE,Music Links Here,,TRUE,,FALSE
jpjp5/lineage-of-legless-lizards-demo.html,Lineage of Legless Lizards (demo),,,,default,jpjp5.jpg,Album,jpjp5,3,Jamie P Jam Pack - May 2024,TRUE,TBD,TRUE,Jamie Paige,TRUE,,FALSE,Music Links Here,,TRUE,,FALSE
jpjp5/march-of-the-quail-doves.html,March of the Quail-Doves,,,,default,jpjp5.jpg,Album,jpjp5,4,Jamie P Jam Pack - May 2024,TRUE,TBD,TRUE,Jamie Paige,TRUE,,FALSE,Music Links Here,,TRUE,,FALSE
jpjp5/standing-up-demo.html,Standing Up (demo),,,,default,jpjp5.jpg,Album,jpjp5,5,Jamie P Jam Pack - May 2024,TRUE,TBD,TRUE,Jamie Paige,TRUE,,FALSE,Music Links Here,,TRUE,,FALSE
jpjp5/machine-love-lo-fi-hip-hop-beat-to-daemon-doll-to-version.html,Machine Love ('lo-fi hip hop beat to daemon/doll to' version),,,,default,jpjp5.jpg,Album,jpjp5,6,Jamie P Jam Pack - May 2024,TRUE,TBD,TRUE,Jamie Paige,TRUE,,FALSE,Music Links Here,,TRUE,,FALSE
jpjp5/alabaster-demo.html,Alabaster (demo),,,,default,jpjp5.jpg,Album,jpjp5,7,Jamie P Jam Pack - May 2024,TRUE,TBD,TRUE,Jamie Paige,TRUE,,FALSE,Music Links Here,,TRUE,,FALSE
jpjp5/light-mode-lover-demo.html,Light Mode Lover (demo),,,,default,jpjp5.jpg,Album,jpjp5,8,Jamie P Jam Pack - May 2024,TRUE,TBD,TRUE,Jamie Paige,TRUE,,FALSE,Music Links Here,,TRUE,,FALSE
jpjp5/frimomen-penis-blast.html,frimomen penis blast,,,,default,jpjp5.jpg,Album,jpjp5,10,Jamie P Jam Pack - May 2024,TRUE,TBD,TRUE,Jamie Paige,TRUE,,FALSE,Music Links Here,,TRUE,,FALSE
jpjp6/so-what-am-i-supposed-to-do-with-track-10.html,"""so what am i supposed to do with track 10?""",,,,default,jpjp6.png,Album,jpjp6,1,Jamie P Jam Pack - June 2024,TRUE,TBD,TRUE,Jamie Paige,TRUE,,FALSE,Music Links Here,,TRUE,,FALSE
jpjp6/magnasanti-idea-1.html,Magnasanti [idea 1],,,,default,jpjp6.png,Album,jpjp6,2,Jamie P Jam Pack - June 2024,TRUE,TBD,TRUE,Jamie Paige,TRUE,,FALSE,Music Links Here,,TRUE,,FALSE
jpjp6/magnasanti-but-different-idea-1-5.html,Magnasanti (but different) [idea 1.5],,,,default,jpjp6.png,Album,jpjp6,3,Jamie P Jam Pack - June 2024,TRUE,TBD,TRUE,Jamie Paige,TRUE,,FALSE,Music Links Here,,TRUE,,FALSE
jpjp6/all-i-want-to-do-idea-2.html,All I Want To Do [idea 2],,,,default,jpjp6.png,Album,jpjp6,4,Jamie P Jam Pack - June 2024,TRUE,TBD,TRUE,Jamie Paige,TRUE,,FALSE,Music Links Here,,TRUE,,FALSE
jpjp6/all-i-want-to-do-gust-idea-3.html,All I Want To Do (Gust) [idea 3],,,,default,jpjp6.png,Album,jpjp6,5,Jamie P Jam Pack - June 2024,TRUE,TBD,TRUE,Jamie Paige,TRUE,,FALSE,Music Links Here,,TRUE,,FALSE
jpjp6/manifesto-idea-4.html,Manifesto [idea 4],,,,default,jpjp6.png,Album,jpjp6,6,Jamie P Jam Pack - June 2024,TRUE,TBD,TRUE,Jamie Paige,TRUE,,FALSE,Music Links Here,,TRUE,,FALSE
jpjp6/international-sweet-trip-cover.html,International (sweet trip cover),,,,default,jpjp6.png,Album,jpjp6,7,Jamie P Jam Pack - June 2024,TRUE,TBD,TRUE,Jamie Paige,TRUE,,FALSE,Music Links Here,,TRUE,,FALSE
singles/virtue.html,Virtue,,,,default,virtue.jpg,Single,,,Single,TRUE,TBD,TRUE,Jamie Paige,TRUE,,FALSE,,,FALSE,,FALSE
singles/encore.html,Encore,,,,default,encore.jpg,Single,,,Single,TRUE,TBD,TRUE,Jamie Paige,TRUE,,FALSE,,,FALSE,,FALSE
singles/women-wrestling.html,:women_wrestling:,,,,default,ww.jpg | wwunbeatable.png,Single | Content Companion,,,Single | The Jamie Paige Content Companion,TRUE,11/4/2022 - Single | 7/27/2026 - unbeatable,TRUE,Jamie Paige,TRUE,,FALSE,,,FALSE,,FALSE
singles/ebi.html,エビチャーハン!,,,,default,ebi.jpg,Single,,,Single,TRUE,TBD,TRUE,Jamie Paige,TRUE,,FALSE,,,FALSE,,FALSE
singles/hope-cafe.html,Hope Café,,,,default,hc.jpg,Single,,,Single,TRUE,TBD,TRUE,Jamie Paige,TRUE,,FALSE,,,FALSE,,FALSE
singles/fire.html,FIRE!!!,,,,default,fire.png,Single,,,Single,TRUE,TBD,TRUE,Jamie Paige,TRUE,,FALSE,,,FALSE,,FALSE
singles/radiant-revival.html,Radiant Revival,,,,default,rr.jpeg | dsc2025.jpg,Single | Album,,,Digital Stars 2025 Theme Song | HATSUNE MIKU Digital Stars 2025 Compilation,TRUE,07/10/2025 - Theme Song | 09/05/2025 - HATSUNE MIKU Digital Stars 2025 Compilation,TRUE,Jamie Paige | ODDEEO - guitar,TRUE,Hatsune Miku V4,TRUE,Youtube - MV | Youtube - Topic | Niconico | bilibili,https://youtu.be/qHU3hf1b8NY | https://youtu.be/aoD1ViXjmW8 | https://www.nicovideo.jp/watch/so45096694 | https://www.bilibili.com/video/BV1cHMjzQEAo,TRUE,,FALSE
singles/little-secret.html,Little Secret,,,,default,lscorrupted.png,unbeatable,,,Single,TRUE,TBD,TRUE,Jamie Paige,TRUE,,FALSE,,,FALSE,,FALSE
singles/square-up.html,SQUARE UP,,,,default,su.png,Single,,,Single,TRUE,TBD,TRUE,Jamie Paige,TRUE,,FALSE,,,FALSE,,FALSE
rot.html,ROT,,,,default,rot.png,Single,,,Single,TRUE,09/04/2026,TRUE,Apple's Eye,TRUE,Yuma SV,TRUE,YouTube,https://youtu.be/rAl2cZzcPhw,TRUE,,FALSE
collabs/love-taste.html,Love Taste,,,,default,lt.jpg,Single,,,Feature / Collaboration,TRUE,TBD,TRUE,Jamie Paige,TRUE,,FALSE,,,FALSE,,FALSE
collabs/matryoshka-club-mix.html,Matryoshka (Club Mix),,,,default,matryoshka.png,Single,,,Feature / Collaboration,TRUE,TBD,TRUE,Jamie Paige,TRUE,,FALSE,,,FALSE,,FALSE
collabs/ghostride-my-bad-emotions.html,Ghostride My Bad Emotions,,,,default,acs.png,Single,,,Feature / Collaboration,TRUE,TBD,TRUE,Jamie Paige,TRUE,,FALSE,,,FALSE,,FALSE
collabs/annihilation-waltz.html,Annihilation Waltz,,,,default,aw.jpg,Single,,,Feature / Collaboration,TRUE,TBD,TRUE,Jamie Paige,TRUE,,FALSE,,,FALSE,,FALSE
collabs/ride.html,Ride,,,,default,ride.jpg,Single,,,Feature / Collaboration,TRUE,TBD,TRUE,Jamie Paige,TRUE,,FALSE,,,FALSE,,FALSE
collabs/love-renewed.html,Love Renewed,,,,default,lr.jpg,Single,,,Feature / Collaboration,TRUE,TBD,TRUE,Jamie Paige,TRUE,,FALSE,,,FALSE,,FALSE
collabs/take-it-away.html,Take it Away,,,,default,tia.jpg,Single,,,Feature / Collaboration,TRUE,TBD,TRUE,Jamie Paige,TRUE,,FALSE,,,FALSE,,FALSE
collabs/newly-human-feeling.html,Newly Human Feeling,,,,default,evoevo.jpg,Single,,,Feature / Collaboration,TRUE,TBD,TRUE,Jamie Paige,TRUE,,FALSE,,,FALSE,,FALSE
collabs/on-the-wind.html,On The Wind,,,,default,otw.jpg,Single,,,Feature / Collaboration,TRUE,TBD,TRUE,Jamie Paige,TRUE,,FALSE,,,FALSE,,FALSE
ff2/static.html,Static,,,,default,static.jpg,Album,ff2,1,FF Album 2,TRUE,TBD,TRUE,Jamie Paige,TRUE,,FALSE,Music Links Here,,TRUE,,FALSE
ff2/spoken-for.html,Spoken For,,,,default,static.jpg,Album,ff2,2,FF Album 2,TRUE,TBD,TRUE,Jamie Paige,TRUE,,FALSE,Music Links Here,,TRUE,,FALSE
ff2/human.html,Human,,,,default,static.jpg,Album,ff2,3,FF Album 2,TRUE,TBD,TRUE,Jamie Paige,TRUE,,FALSE,Music Links Here,,TRUE,,FALSE
ff2/connect-commune.html,Connect Commune,,,,default,static.jpg,Album,ff2,4,FF Album 2,TRUE,TBD,TRUE,Jamie Paige,TRUE,,FALSE,Music Links Here,,TRUE,,FALSE
ff2/ego-renegade-boy.html,Ego Renegade boy,,,,default,static.jpg,Album,ff2,5,FF Album 2,TRUE,TBD,TRUE,Jamie Paige,TRUE,,FALSE,Music Links Here,,TRUE,,FALSE
ff2/streetcat.html,Streetcat,,,,default,sc.png,Album,ff2,6,FF Album 2,TRUE,TBD,TRUE,Jamie Paige,TRUE,,FALSE,Music Links Here,,TRUE,,FALSE
ewz.html,ELECTRIC WEEKEND ZONE,,,,default,ewz.jpg,Single,,,FLAVOR FOLEY,TRUE,TBD,TRUE,Jamie Paige,TRUE,,FALSE,,,FALSE,,FALSE
